"Gender","Age","Profession","Is_coached","Head_gender","Grey_wage","Transportation","Extraversion","Independence","Selfcontrol","Anxiety","Novator","Long_emp_retention","ITE","Recommended factor","Recommended level"
1,35,1,0,0,1,1,2,0,0,1,1,0,0.136621594429016,"Extraversion","3"
1,33,1,0,1,1,1,2,0,0,1,1,0,0.193775713443756,"Extraversion","3"
0,35,1,0,1,1,1,2,1,0,0,1,0,0.226986572146416,"Extraversion","3"
0,35,1,0,1,1,1,3,1,0,0,1,0,0.226986572146416,"Extraversion","3"
1,32,0,1,0,1,1,4,0,1,1,0,0,0.401497662067413,"Grey_wage","1"
0,42,1,1,1,1,1,2,1,0,0,1,0,0.0879584178328514,"Extraversion","3"
0,42,1,1,1,1,1,2,1,0,0,1,0,0.0879584178328514,"Extraversion","3"
0,28,1,0,1,1,1,4,0,1,0,0,1,0.410496026277542,"Extraversion","4"
0,29,1,0,0,1,1,1,1,0,0,1,0,0.306506186723709,"Extraversion","3"
0,30,0,1,1,1,1,3,0,0,1,1,0,0.579535484313965,"Extraversion","3"
0,40,1,0,1,1,0,1,0,0,1,1,1,0.596912562847137,"Extraversion","3"
1,23,1,1,1,1,1,4,1,0,0,1,0,0.441884517669678,"Extraversion","4"
0,22,1,0,0,1,1,3,1,0,0,0,0,0.250255078077316,"Extraversion","4"
0,24,0,1,0,1,1,2,1,0,1,1,0,0.258588343858719,"Extraversion","4"
0,25,1,0,0,1,1,1,0,0,0,1,0,0.359270960092545,"Extraversion","4"
0,28,1,0,1,1,0,1,0,0,0,0,0,0.599666476249695,"Extraversion","3"
0,30,1,0,1,1,1,3,0,0,0,1,0,0.428129285573959,"Extraversion","3"
0,27,0,1,1,1,1,3,1,0,0,1,0,0.466382175683975,"Extraversion","3"
0,36,1,1,0,0,1,3,1,0,0,1,0,0.143960103392601,"Extraversion","3"
0,29,1,0,1,1,1,1,1,1,1,0,0,0.275369644165039,"Extraversion","4"
0,29,1,0,1,1,1,4,0,0,1,1,0,0.384205996990204,"Extraversion","3"
0,48,0,0,0,1,1,4,1,0,0,1,0,0.126346573233604,"Extraversion","3"
0,29,0,0,0,1,0,1,0,0,1,0,0,0.64850389957428,"Extraversion","3"
0,25,1,1,0,1,1,3,0,1,0,0,0,0.147402077913284,"Extraversion","4"
0,25,1,1,0,1,1,4,0,1,0,0,0,0.147402077913284,"Extraversion","4"
0,36,0,0,1,1,0,1,1,0,0,1,0,0.553550541400909,"Extraversion","3"
0,36,1,0,1,1,1,1,0,0,1,0,0,0.587845742702484,"Extraversion","3"
1,29,1,0,0,1,0,4,0,1,1,0,0,0.121787525713444,"Grey_wage","1"
0,35,1,0,0,1,1,4,1,1,0,1,0,0.0666485354304314,"Extraversion","3"
0,35,1,0,0,1,1,4,1,1,0,0,0,0.112555615603924,"Grey_wage","1"
0,21,0,1,0,1,1,1,0,0,0,0,0,0.560440421104431,"Extraversion","3"
1,35,0,0,1,1,0,4,0,0,1,0,0,0.356116026639938,"Extraversion","3"
0,25,0,0,0,1,1,4,1,1,1,1,0,0.199492335319519,"Grey_wage","1"
0,30.40033257,1,0,1,1,1,2,1,0,0,1,1,0.306890547275543,"Extraversion","3"
0,29,1,0,0,1,1,2,1,0,0,1,1,0.306506186723709,"Extraversion","3"
0,22,1,0,1,1,1,4,0,1,1,0,0,0.176313444972038,"Grey_wage","1"
0,34,1,0,1,1,0,3,0,0,0,0,0,0.675157964229584,"Extraversion","3"
0,34,1,0,1,1,0,2,1,0,0,0,0,0.289749652147293,"Extraversion","3"
0,34,1,0,1,1,0,3,0,0,0,0,0,0.675157964229584,"Extraversion","3"
0,34,1,0,1,1,0,2,1,0,0,0,0,0.289749652147293,"Extraversion","3"
0,21,1,0,0,1,1,3,1,0,0,0,0,0.24415235221386,"Extraversion","4"
0,22,1,1,0,0,0,2,0,1,0,0,0,0.708178102970123,"Grey_wage","1"
0,32,1,0,1,1,0,4,1,1,0,0,0,0.208213627338409,"Extraversion","4"
0,36,0,0,0,1,0,4,1,0,0,1,0,0.465685993432999,"Extraversion","3"
0,30,1,0,1,1,1,2,0,1,0,0,0,0.398128837347031,"Extraversion","4"
0,32,1,0,1,1,1,4,1,1,0,0,1,0.576009929180145,"Grey_wage","1"
0,33,1,0,1,1,0,2,0,0,1,1,0,0.451224893331528,"Extraversion","3"
0,49,0,0,0,1,1,4,1,0,0,1,0,0.128351598978043,"Extraversion","3"
0,29,1,1,1,1,1,1,0,0,0,0,0,0.625786662101746,"Extraversion","3"
0,29,1,1,1,1,1,2,1,0,1,0,0,0.166137024760246,"Extraversion","4"
0,29,1,1,1,1,1,2,1,0,0,0,0,0.276497781276703,"Extraversion","4"
1,36,1,0,1,1,1,4,0,1,1,1,0,0.0744819641113281,"Extraversion","3"
0,22,0,0,1,1,1,1,0,0,0,1,1,0.532807171344757,"Grey_wage","1"
0,21,1,1,0,1,1,1,0,0,1,1,0,0.631109416484833,"Extraversion","4"
0,25,1,0,0,1,1,1,1,0,1,0,0,0.364159196615219,"Extraversion","4"
1,38,1,0,1,1,0,2,0,1,1,0,0,0.0771388113498688,"Extraversion","3"
1,38,1,0,1,1,0,2,0,0,1,0,0,0.146589338779449,"Extraversion","3"
0,23,1,1,0,1,1,1,0,0,0,1,0,0.505189895629883,"Extraversion","3"
0,23,1,1,0,1,1,1,0,0,1,1,0,0.530022859573364,"Extraversion","3"
1,38,0,0,1,1,0,1,0,1,0,0,0,0.0769869983196259,"Extraversion","3"
0,24,1,0,0,1,1,2,1,0,0,1,0,0.310721755027771,"Extraversion","4"
0,24,1,0,0,1,1,2,1,0,0,1,0,0.310721755027771,"Extraversion","4"
0,36,1,0,1,1,0,4,0,1,0,0,0,0.105724669992924,"Extraversion","3"
0,21,0,0,1,0,1,4,0,1,0,0,0,0.235185921192169,"Grey_wage","1"
0,29,1,0,0,1,1,4,1,1,0,1,1,0.229862615466118,"Extraversion","4"
0,29,1,0,0,1,1,2,1,0,0,0,0,0.306323975324631,"Extraversion","4"
0,26,1,0,0,1,0,4,0,0,1,0,0,0.401065766811371,"Extraversion","4"
1,36,0,0,1,1,0,2,0,1,1,0,0,0.0893643870949745,"Extraversion","3"
1,36,0,0,1,1,0,1,0,1,0,0,0,0.0868600383400917,"Extraversion","3"
0,30.40033257,0,0,1,1,1,4,1,0,0,0,0,0.381967633962631,"Extraversion","3"
0,22,1,0,0,1,1,2,0,0,1,1,1,0.347865074872971,"Extraversion","4"
1,29,0,0,0,1,1,2,0,1,0,0,0,0.495145738124847,"Extraversion","4"
0,23,0,0,0,1,1,2,0,0,1,0,0,0.371487200260162,"Extraversion","4"
1,22,0,0,0,1,1,1,0,0,1,1,0,0.46357649564743,"Extraversion","4"
0,36,1,0,1,1,1,1,0,0,0,1,0,0.429247409105301,"Extraversion","3"
1,27,0,0,0,1,1,2,0,1,0,0,0,0.27164751291275,"Extraversion","4"
0,25,1,0,0,1,1,3,0,1,0,0,0,0.387765347957611,"Grey_wage","1"
0,25,1,0,0,1,1,4,0,1,0,0,0,0.387765347957611,"Grey_wage","1"
0,24,1,0,0,1,1,3,1,0,0,1,0,0.310721755027771,"Extraversion","4"
0,27,0,1,1,1,1,3,1,0,0,1,0,0.466382175683975,"Extraversion","3"
0,34,0,0,1,1,0,2,1,1,0,0,0,0.259350419044495,"Extraversion","4"
0,34,0,0,1,1,0,1,1,0,0,0,0,0.539059937000275,"Extraversion","3"
0,24,1,0,0,1,1,2,0,1,0,1,1,0.316474407911301,"Grey_wage","1"
0,23,0,1,0,1,1,4,1,1,0,0,1,0.0801099538803101,"Extraversion","3"
0,38,1,0,1,1,0,4,0,1,1,1,0,0.0708029419183731,"Extraversion","3"
0,25,1,0,1,1,1,2,1,0,0,1,0,0.370465904474258,"Extraversion","4"
0,25,1,0,1,1,1,2,1,0,0,1,0,0.370465904474258,"Extraversion","4"
0,28,1,0,1,1,1,2,0,0,0,1,0,0.367083042860031,"Extraversion","3"
0,29,1,0,0,1,0,2,0,0,1,0,1,0.458294481039047,"Extraversion","3"
1,26,0,0,1,1,0,2,0,0,1,0,0,0.290095061063766,"Extraversion","4"
1,21,0,0,1,1,1,4,1,0,0,0,0,0.861292541027069,"Extraversion","4"
0,25,1,0,0,1,1,3,1,0,0,0,0,0.343359559774399,"Extraversion","4"
0,25,1,0,0,1,1,3,1,0,0,0,0,0.343359559774399,"Extraversion","4"
0,24,1,0,0,1,1,4,1,0,0,0,0,0.338884174823761,"Extraversion","4"
0,31,1,0,1,0,1,4,0,1,1,0,0,0.360823392868042,"Grey_wage","1"
0,45,1,0,0,1,1,4,0,1,1,0,1,0.620611071586609,"Grey_wage","1"
0,21,0,0,0,1,1,2,1,0,0,0,0,0.31295982003212,"Extraversion","3"
0,22,1,0,0,1,1,3,1,0,1,1,0,0.271634578704834,"Extraversion","4"
0,37,0,1,1,1,1,4,1,0,1,1,0,0.167698964476585,"Extraversion","3"
0,32,1,0,1,1,1,1,1,0,0,1,0,0.479119122028351,"Grey_wage","1"
0,37,1,0,1,1,1,2,0,0,1,1,0,0.419640272855759,"Extraversion","3"
0,30,1,0,0,1,1,2,1,0,0,1,0,0.305154949426651,"Extraversion","3"
0,37,1,0,1,1,1,2,0,0,1,1,0,0.419640272855759,"Extraversion","3"
0,22,1,0,1,1,1,4,0,1,1,0,0,0.176313444972038,"Grey_wage","1"
0,22,1,0,1,1,1,3,0,1,1,0,0,0.176313444972038,"Grey_wage","1"
0,22,0,0,1,1,1,4,0,1,1,0,1,0.588822603225708,"Grey_wage","1"
0,22,0,0,1,1,1,4,1,1,0,1,1,0.524727940559387,"Grey_wage","1"
1,28,0,0,1,1,0,1,1,0,0,1,0,0.614122569561005,"Extraversion","4"
1,28,0,0,1,1,0,2,1,0,0,1,0,0.614122569561005,"Extraversion","4"
1,25,1,0,0,1,0,2,0,0,0,0,0,0.284950196743011,"Extraversion","4"
0,23,0,0,0,1,1,4,1,1,0,0,0,0.0820150002837181,"Extraversion","3"
1,25,1,1,0,1,1,2,0,0,0,0,0,0.295524835586548,"Extraversion","4"
0,26,1,0,0,1,1,4,1,0,0,0,0,0.359681159257889,"Extraversion","4"
0,26,1,0,0,1,1,4,0,1,0,0,0,0.376829266548157,"Grey_wage","1"
1,30,0,0,1,1,0,2,0,0,1,1,0,0.404697835445404,"Extraversion","3"
1,38,0,0,1,1,0,2,0,0,1,1,0,0.245420962572098,"Extraversion","3"
0,37,0,0,0,1,1,1,0,0,0,1,0,0.665059506893158,"Extraversion","3"
0,26,0,0,1,0,1,3,0,1,0,0,0,0.310634166002274,"Grey_wage","1"
0,27,1,0,0,1,0,4,0,1,1,0,1,0.21864178776741,"Grey_wage","1"
0,29,0,0,1,1,1,1,0,0,0,0,0,0.74932587146759,"Extraversion","3"
0,29,0,0,1,1,1,2,1,0,1,0,0,0.231541037559509,"Extraversion","4"
0,29,0,0,1,1,1,2,1,0,0,0,0,0.381824910640717,"Extraversion","3"
0,26,1,0,1,1,1,4,0,1,0,0,1,0.435941398143768,"Grey_wage","1"
0,26,1,0,1,1,1,4,1,1,0,0,1,0.448274910449982,"Extraversion","4"
0,49,1,0,1,1,1,2,1,0,0,0,0,0.0803511515259743,"Extraversion","3"
1,21,1,1,0,1,1,1,1,0,0,1,0,0.637091279029846,"Extraversion","4"
1,21,1,1,0,1,1,2,0,0,1,1,0,0.446864068508148,"Extraversion","4"
1,26,1,1,0,1,0,4,0,1,1,1,0,0.102645918726921,"Extraversion","3"
0,22,0,0,0,0,0,3,1,1,0,0,0,0.759870886802673,"Grey_wage","1"
1,51,0,0,1,1,0,4,0,1,0,0,0,0.0769653022289276,"Extraversion","3"
0,28,0,0,1,1,0,1,0,1,0,0,0,0.489726155996323,"Extraversion","4"
1,52,0,0,1,1,1,4,1,0,1,1,0,0.121298655867577,"Extraversion","3"
0,43,1,0,0,1,0,4,0,0,1,1,0,0.21626004576683,"Extraversion","3"
0,44,1,0,1,0,0,2,1,0,0,0,0,0.106956899166107,"Extraversion","3"
0,45,0,0,0,1,1,4,0,1,0,0,0,0.0915647745132446,"Extraversion","3"
0,27,1,0,0,1,1,4,1,0,0,1,0,0.304381430149078,"Extraversion","4"
0,26,1,0,0,1,1,2,0,0,0,1,0,0.361044466495514,"Extraversion","4"
0,25,1,1,0,1,0,1,0,0,1,1,0,0.598608732223511,"Extraversion","3"
0,19,1,1,1,1,1,2,0,0,1,1,1,0.859117865562439,"Grey_wage","1"
0,31,1,0,1,1,1,1,0,0,1,1,0,0.419739693403244,"Extraversion","3"
0,31,1,0,0,0,1,4,0,1,1,0,1,0.551794409751892,"Grey_wage","1"
0,31,1,0,0,0,1,4,0,1,1,0,1,0.551794409751892,"Grey_wage","1"
0,31,1,0,0,1,1,2,0,1,1,0,1,0.551794409751892,"Grey_wage","1"
0,30.40033257,1,0,0,1,1,2,0,1,1,0,0,0.339890539646149,"Extraversion","4"
0,30.40033257,1,0,0,1,1,2,1,0,1,0,0,0.144519835710526,"Extraversion","3"
0,18,1,0,0,1,1,2,0,1,0,0,1,0.686239957809448,"Grey_wage","1"
1,33,0,1,1,1,0,4,1,0,1,1,0,0.411034792661667,"Grey_wage","1"
0,36,0,0,1,1,1,3,0,0,0,0,0,0.700255692005157,"Extraversion","3"
0,31,1,0,1,1,0,4,0,1,0,0,0,0.328463047742844,"Extraversion","4"
0,45,1,0,1,1,0,1,0,0,0,0,0,0.614659011363983,"Extraversion","3"
0,29,1,0,0,1,0,1,1,0,0,0,0,0.270907342433929,"Extraversion","3"
1,23,1,0,0,1,1,3,0,0,1,0,1,0.252403318881989,"Grey_wage","1"
0,27,1,0,0,1,0,2,0,1,1,0,0,0.21864178776741,"Grey_wage","1"
0,22,0,1,1,0,1,1,0,0,0,0,0,0.539534389972687,"Extraversion","3"
1,47,0,0,1,0,1,4,0,1,1,0,0,0.322989791631699,"Grey_wage","1"
1,47,0,0,1,0,1,4,0,0,1,0,0,0.227561965584755,"Grey_wage","1"
1,47,0,0,1,0,1,4,0,0,1,0,0,0.227561965584755,"Grey_wage","1"
0,30.40033257,1,0,1,1,1,1,0,0,1,0,0,0.594176828861237,"Extraversion","3"
0,28,1,0,0,1,0,4,1,0,0,0,0,0.250358551740646,"Extraversion","3"
0,43,1,0,1,1,1,4,1,0,0,0,1,0.546314835548401,"Extraversion","4"
1,26,0,0,0,1,1,1,0,0,1,1,0,0.503475725650787,"Extraversion","3"
0,31,0,0,0,0,1,3,0,1,0,0,0,0.539716124534607,"Grey_wage","1"
1,24,1,0,0,0,1,4,1,1,0,1,0,0.239738941192627,"Grey_wage","1"
0,27,1,0,0,1,1,4,1,0,0,1,0,0.304381430149078,"Extraversion","4"
1,35,1,0,1,1,0,2,0,0,0,0,0,0.169694378972054,"Extraversion","3"
1,35,1,0,1,1,0,2,0,0,0,0,0,0.169694378972054,"Extraversion","3"
0,31,1,0,0,1,0,3,0,1,0,0,1,0.44182676076889,"Extraversion","4"
1,23,1,0,0,1,1,2,0,1,0,0,0,0.180559203028679,"Grey_wage","1"
0,40,0,0,0,1,0,3,0,0,1,1,0,0.712744534015656,"Extraversion","3"
0,31,1,0,1,1,1,3,1,0,0,1,1,0.500291466712952,"Grey_wage","1"
0,37,1,1,0,1,1,2,1,1,0,0,0,0.0711668729782104,"Extraversion","3"
0,24,1,1,0,1,1,1,0,0,0,0,0,0.57078093290329,"Extraversion","3"
0,23,1,0,0,0,1,3,1,0,0,0,0,0.244535282254219,"Extraversion","4"
0,23,1,0,0,0,1,1,0,0,0,0,0,0.379290282726288,"Extraversion","4"
0,46,1,0,1,1,0,4,1,1,0,0,0,0.0815934389829636,"Extraversion","3"
0,23,0,1,0,1,1,2,0,0,0,0,0,0.445413321256638,"Extraversion","3"
0,40,1,1,1,1,1,4,1,1,0,1,0,0.115716308355331,"Extraversion","3"
1,39,0,0,1,1,0,4,0,0,1,0,0,0.202413722872734,"Extraversion","3"
0,28,1,0,0,1,0,4,0,1,0,0,0,0.104424856603146,"Extraversion","3"
1,40,1,1,1,1,0,3,0,0,1,1,0,0.235503435134888,"Extraversion","3"
1,33,0,0,0,1,1,4,1,1,1,0,1,0.604037761688232,"Grey_wage","1"
1,33,0,0,0,1,1,4,0,1,1,0,1,0.668200433254242,"Grey_wage","1"
0,24,1,0,0,1,1,1,1,0,0,0,0,0.338884174823761,"Extraversion","4"
0,38,1,0,1,1,1,2,0,0,0,1,0,0.354717582464218,"Extraversion","3"
1,35,0,0,1,1,0,3,0,0,1,1,0,0.382319331169128,"Extraversion","3"
0,33,1,0,1,1,0,4,0,1,1,0,0,0.278919011354446,"Grey_wage","1"
0,36,1,0,1,1,1,4,1,1,0,0,0,0.0841420665383339,"Extraversion","3"
0,36,1,0,1,1,1,4,1,1,1,0,0,0.0970611348748207,"Extraversion","3"
0,36,1,0,1,1,1,4,1,1,0,0,0,0.0841420665383339,"Extraversion","3"
0,22,1,1,0,1,1,1,0,0,0,1,0,0.508318066596985,"Extraversion","3"
0,38,1,0,1,1,1,1,0,0,1,0,0,0.557849168777466,"Extraversion","3"
0,23,1,1,0,1,1,4,1,1,0,0,0,0.0848413184285164,"Extraversion","3"
0,23,1,1,0,1,1,2,0,0,0,0,0,0.505927264690399,"Extraversion","3"
0,24,0,0,0,1,1,2,0,0,0,0,1,0.364699274301529,"Extraversion","4"
1,26,0,0,1,1,0,4,0,0,1,1,1,0.306809902191162,"Extraversion","4"
0,33,0,0,1,1,1,3,0,1,1,0,1,0.616742432117462,"Extraversion","4"
0,40,1,1,0,0,1,2,0,1,0,0,0,0.121117696166039,"Extraversion","3"
0,23,0,0,0,1,0,4,0,1,0,0,0,0.266304016113281,"Grey_wage","1"
0,27,1,0,1,1,0,1,0,1,0,0,0,0.46590918302536,"Extraversion","4"
0,24,0,0,0,1,1,3,1,0,1,1,0,0.305148094892502,"Extraversion","3"
0,30,1,0,0,1,0,3,1,0,0,0,0,0.241866677999496,"Extraversion","3"
0,37,0,0,0,1,0,4,1,0,0,1,0,0.215897262096405,"Extraversion","3"
0,31,1,0,1,0,1,4,1,0,0,0,0,0.590711772441864,"Grey_wage","1"
0,31,1,0,1,1,1,4,1,0,0,1,0,0.500291466712952,"Grey_wage","1"
0,23,1,0,0,1,1,4,0,1,1,0,0,0.148788794875145,"Extraversion","4"
0,40,1,0,0,1,1,1,0,0,1,1,0,0.824778378009796,"Extraversion","3"
0,40,1,0,0,1,1,1,0,0,1,1,0,0.824778378009796,"Extraversion","3"
0,40,1,0,0,1,1,2,1,0,0,1,0,0.259072452783585,"Extraversion","3"
0,37,0,0,0,1,1,4,0,1,0,0,0,0.0814637690782547,"Extraversion","3"
0,30,0,0,0,1,1,4,0,1,1,0,0,0.29020431637764,"Extraversion","4"
0,38,0,0,0,1,1,4,1,0,0,0,0,0.0743240490555763,"Extraversion","3"
1,32,0,0,0,1,1,4,0,0,1,1,1,0.630473732948303,"Grey_wage","1"
0,34,0,0,1,0,0,1,0,0,0,0,0,0.924794614315033,"Extraversion","3"
0,25,1,0,0,0,0,4,0,1,1,0,0,0.408301830291748,"Grey_wage","1"
0,25,1,0,0,0,0,4,0,0,1,0,0,0.431345462799072,"Extraversion","4"
1,37,0,0,1,0,1,4,0,0,1,1,0,0.602177798748016,"Extraversion","3"
0,31,1,0,0,1,1,2,0,0,0,0,0,0.543887317180634,"Grey_wage","1"
0,30,0,0,1,1,1,3,1,0,0,1,1,0.565918862819672,"Extraversion","3"
1,26,0,0,1,1,1,4,0,1,0,0,0,0.351094543933868,"Grey_wage","1"
1,33,0,0,1,1,0,2,0,0,1,1,0,0.315714180469513,"Extraversion","4"
0,25,1,0,1,0,0,2,0,1,1,1,1,0.587527632713318,"Grey_wage","1"
0,36,1,0,1,1,0,2,1,0,0,0,1,0.220893234014511,"Extraversion","3"
0,23,0,0,0,1,0,4,1,1,0,0,0,0.302479237318039,"Grey_wage","1"
0,26,0,0,0,1,1,4,0,1,0,0,1,0.311741530895233,"Grey_wage","1"
0,24,1,0,0,1,1,1,1,0,0,0,0,0.338884174823761,"Extraversion","4"
0,25,1,0,1,1,1,1,1,0,0,0,1,0.406780570745468,"Extraversion","4"
0,33,1,0,0,1,0,3,1,1,0,0,0,0.26963010430336,"Grey_wage","1"
0,24,0,0,0,0,1,2,0,1,0,0,0,0.223668843507767,"Grey_wage","1"
0,23,1,0,0,1,1,2,0,1,0,0,0,0.105460651218891,"Grey_wage","1"
0,34,1,0,1,1,0,1,0,0,1,1,0,0.53772234916687,"Extraversion","3"
1,30,0,0,1,0,0,3,0,0,1,0,0,0.491391509771347,"Extraversion","3"
0,29,0,0,0,1,1,1,0,0,0,0,0,0.663785457611084,"Extraversion","3"
0,30,1,0,0,1,0,4,1,1,0,1,0,0.109745860099792,"Extraversion","3"
0,29,1,0,0,1,1,4,1,1,0,0,1,0.352704793214798,"Extraversion","4"
0,28,1,0,1,1,1,1,1,0,0,1,0,0.34149232506752,"Extraversion","3"
0,33,1,0,1,1,1,4,1,1,0,0,1,0.648374974727631,"Grey_wage","1"
0,33,1,0,1,1,1,4,1,0,0,0,1,0.653869986534119,"Grey_wage","1"
0,27,1,0,1,1,1,2,0,0,1,1,0,0.257850348949432,"Extraversion","3"
0,32,0,0,0,1,1,1,0,0,0,1,1,0.581500649452209,"Grey_wage","1"
0,31,1,0,0,0,1,2,1,0,1,1,0,0.29789063334465,"Grey_wage","1"
1,22,0,0,1,1,1,2,0,1,0,1,0,0.342389315366745,"Grey_wage","1"
0,24,1,0,1,1,1,4,1,1,0,1,1,0.340910613536835,"Grey_wage","1"
0,23,0,0,0,1,1,2,0,0,0,1,0,0.300030171871185,"Extraversion","4"
1,22,0,0,1,1,1,3,0,1,0,0,1,0.63802170753479,"Grey_wage","1"
1,39,0,0,0,1,1,1,0,0,1,1,0,0.751391589641571,"Extraversion","3"
1,34,1,0,1,0,1,4,0,1,1,0,0,0.10377898812294,"Extraversion","3"
0,30,1,0,1,1,1,4,0,1,1,1,1,0.30253791809082,"Grey_wage","1"
0,28,0,0,0,1,0,4,1,0,1,1,1,0.494669109582901,"Grey_wage","1"
0,32,1,1,0,1,1,4,1,1,1,1,0,0.109482638537884,"Grey_wage","1"
0,22,0,1,0,1,1,1,1,0,0,1,0,0.526171386241913,"Extraversion","3"
0,41,1,0,1,1,1,4,1,0,0,1,0,0.18276609480381,"Extraversion","3"
0,24,1,0,0,0,1,4,0,1,1,0,0,0.216775476932526,"Grey_wage","1"
0,24,1,0,0,0,1,4,0,0,1,0,0,0.430633246898651,"Extraversion","3"
0,26,0,0,1,1,1,2,0,0,1,1,0,0.298962414264679,"Extraversion","4"
0,36,0,0,1,1,1,3,0,1,0,0,0,0.106235861778259,"Extraversion","3"
1,30,0,0,1,0,0,3,0,0,1,0,0,0.491391509771347,"Extraversion","3"
0,30,1,1,0,1,1,4,0,0,1,0,1,0.43376961350441,"Extraversion","4"
0,24,1,0,0,1,1,3,0,0,0,0,0,0.409781903028488,"Extraversion","3"
0,28,1,0,0,1,1,2,0,0,1,1,0,0.314792841672897,"Extraversion","3"
0,24,0,0,0,1,1,2,0,0,1,1,1,0.330831944942474,"Extraversion","4"
0,24,0,0,0,1,1,1,1,0,0,1,1,0.448427796363831,"Extraversion","3"
0,44,1,0,1,1,1,4,1,0,0,0,0,0.0842996537685394,"Extraversion","3"
0,24,1,1,1,1,0,2,1,0,1,1,1,0.721249222755432,"Grey_wage","1"
1,39,0,0,1,1,0,2,0,1,1,1,0,0.200958475470543,"Extraversion","4"
0,40,1,0,1,1,0,2,1,0,0,1,0,0.170694157481194,"Extraversion","3"
0,30.40033257,0,1,0,1,1,1,1,0,0,1,0,0.565530061721802,"Extraversion","3"
0,26,1,0,0,0,1,4,1,0,0,0,0,0.359681159257889,"Extraversion","4"
0,26,1,0,0,0,1,4,0,1,0,0,0,0.376829266548157,"Grey_wage","1"
0,33,1,0,0,1,0,3,0,0,1,0,1,0.609226405620575,"Grey_wage","1"
1,28,0,0,1,1,1,1,1,0,1,1,0,0.605328559875488,"Extraversion","4"
0,26,0,0,1,1,0,1,0,0,1,1,1,0.477307468652725,"Grey_wage","1"
0,27,1,0,0,1,1,4,0,1,1,0,0,0.163141742348671,"Extraversion","4"
1,37,0,0,1,1,1,1,0,0,1,1,0,0.602177798748016,"Extraversion","3"
1,38,1,0,0,1,1,4,0,0,1,1,0,0.147798553109169,"Extraversion","3"
1,44,0,0,1,0,1,4,0,1,1,1,1,0.814929723739624,"Extraversion","4"
0,23,0,1,1,1,1,4,1,1,0,0,0,0.0955798104405403,"Extraversion","3"
0,23,0,1,1,1,1,4,1,1,0,0,0,0.0955798104405403,"Extraversion","3"
0,23,0,0,1,1,1,4,1,1,0,0,0,0.0991726294159889,"Extraversion","3"
0,23,0,0,1,1,1,4,1,1,0,0,0,0.0991726294159889,"Extraversion","3"
0,34,1,0,0,1,1,4,0,0,1,1,0,0.317193299531937,"Extraversion","3"
0,25,1,0,1,0,1,2,0,1,1,1,1,0.477274984121323,"Grey_wage","1"
0,30,0,0,0,0,1,2,0,1,0,0,1,0.308352261781693,"Extraversion","4"
1,45,0,0,1,1,1,4,1,1,1,0,0,0.0984215885400772,"Grey_wage","1"
0,36,0,0,0,1,1,4,0,0,0,0,0,0.51299524307251,"Extraversion","3"
0,36,0,0,0,1,1,2,0,0,0,0,0,0.51299524307251,"Extraversion","3"
0,30,1,1,0,1,1,3,0,0,1,1,0,0.346129775047302,"Extraversion","3"
0,23,0,1,1,1,1,4,1,0,1,0,0,0.166264250874519,"Extraversion","3"
0,23,0,1,1,1,1,4,1,1,0,0,0,0.0955798104405403,"Extraversion","3"
0,27,1,1,0,1,1,2,1,0,0,1,0,0.274810791015625,"Extraversion","4"
1,29,1,0,1,1,0,4,0,0,1,1,0,0.233556643128395,"Extraversion","3"
0,28,0,0,0,1,1,2,1,1,0,0,0,0.100080780684948,"Extraversion","3"
1,23,0,0,1,1,0,4,1,1,0,0,1,0.969952523708344,"Extraversion","4"
1,23,0,0,1,1,0,4,1,1,0,0,1,0.969952523708344,"Extraversion","4"
0,26,1,0,1,1,1,4,0,1,1,0,1,0.401196867227554,"Grey_wage","1"
0,26,1,0,1,1,1,3,0,1,1,0,1,0.401196867227554,"Grey_wage","1"
0,38,1,0,1,0,1,2,1,1,0,0,0,0.081282302737236,"Extraversion","3"
0,38,1,0,1,0,1,4,1,1,0,0,0,0.081282302737236,"Extraversion","3"
1,26,0,0,1,1,1,4,1,1,1,0,1,0.582906663417816,"Extraversion","4"
0,31,1,0,0,1,1,4,0,1,0,0,1,0.623729646205902,"Grey_wage","1"
0,31,1,0,0,1,1,4,0,1,0,0,1,0.623729646205902,"Grey_wage","1"
0,36,1,0,0,1,1,4,0,1,0,0,0,0.0698888301849365,"Extraversion","3"
0,28,0,0,1,1,1,1,0,0,0,0,0,0.670812547206879,"Extraversion","3"
0,27,1,1,0,1,1,2,1,0,0,1,0,0.274810791015625,"Extraversion","4"
0,28,1,0,1,1,1,3,0,1,1,0,1,0.283117473125458,"Grey_wage","1"
0,40,1,0,1,0,0,2,0,0,0,1,0,0.525925397872925,"Extraversion","3"
1,23,0,0,1,1,1,4,1,1,0,0,0,0.421163022518158,"Extraversion","4"
0,22,0,0,1,0,1,2,0,0,0,1,0,0.532807171344757,"Grey_wage","1"
1,23,0,0,1,1,1,2,0,1,1,1,0,0.153432175517082,"Extraversion","4"
1,26,0,0,1,1,1,4,0,1,1,0,0,0.201511725783348,"Grey_wage","1"
0,26,1,1,0,1,1,1,0,1,0,0,1,0.399723708629608,"Grey_wage","1"
1,26,0,0,1,1,1,4,0,0,1,0,0,0.321750700473785,"Extraversion","4"
1,19,0,0,1,1,1,4,1,1,0,0,1,0.947107672691345,"Extraversion","4"
0,24,0,0,0,1,1,2,0,1,0,0,0,0.223668843507767,"Grey_wage","1"
0,33,1,0,0,1,0,3,0,0,1,0,1,0.609226405620575,"Grey_wage","1"
0,22,1,0,1,1,1,2,0,1,1,0,0,0.176313444972038,"Grey_wage","1"
0,25,1,0,1,1,1,1,1,0,0,1,0,0.370465904474258,"Extraversion","4"
0,22,1,0,1,1,1,4,1,0,1,1,0,0.225257769227028,"Extraversion","4"
0,37,0,0,1,1,1,2,1,0,0,1,0,0.230337828397751,"Extraversion","3"
0,27,1,0,0,0,0,1,0,0,0,1,0,0.453173577785492,"Extraversion","3"
0,27,1,0,0,0,0,1,0,0,1,1,0,0.425910085439682,"Extraversion","3"
0,35,1,0,0,1,1,2,0,1,0,1,0,0.0508410446345806,"Extraversion","3"
0,27,0,0,0,1,0,4,0,0,1,0,1,0.521983444690704,"Extraversion","4"
1,24,1,0,0,1,1,4,0,1,1,0,0,0.148288533091545,"Grey_wage","1"
0,25,1,0,0,0,1,3,0,1,1,0,0,0.353503674268723,"Grey_wage","1"
0,23,0,0,1,1,1,3,1,0,0,0,0,0.345659196376801,"Extraversion","3"
1,31,0,0,1,1,1,4,0,1,1,0,1,0.587435126304626,"Extraversion","4"
1,35,0,0,1,1,1,3,1,0,0,0,0,0.20467734336853,"Extraversion","3"
0,21,0,0,0,1,1,4,0,1,0,0,0,0.237790927290916,"Grey_wage","1"
0,19,1,1,0,1,1,2,1,0,0,0,1,0.675627470016479,"Grey_wage","1"
0,21,1,1,0,1,1,2,1,0,0,0,0,0.290488421916962,"Extraversion","4"
0,24,0,0,1,0,1,3,0,0,1,0,0,0.315935105085373,"Extraversion","4"
1,25,0,0,1,1,0,2,0,0,1,1,0,0.340129792690277,"Extraversion","4"
1,19,0,0,0,1,0,2,0,0,1,1,1,0.886327385902405,"Grey_wage","1"
1,19,0,0,0,1,0,4,1,0,1,0,1,0.921311438083649,"Grey_wage","1"
0,22,1,1,1,1,1,2,0,0,1,1,0,0.290867418050766,"Extraversion","3"
0,48,1,0,1,1,1,2,1,1,0,1,0,0.0743848010897636,"Extraversion","3"
0,44,1,0,1,0,1,4,1,0,1,0,0,0.273241341114044,"Grey_wage","1"
0,24,1,0,1,1,1,2,0,0,0,0,0,0.425673723220825,"Extraversion","4"
0,42,1,0,1,1,1,4,1,1,0,0,0,0.0723287984728813,"Extraversion","3"
0,42,1,0,1,1,1,2,1,0,0,0,0,0.0788071900606155,"Extraversion","3"
0,22,0,0,0,0,1,4,0,0,0,0,1,0.433836758136749,"Extraversion","4"
1,41,0,0,1,1,1,4,0,0,0,0,0,0.309287697076797,"Extraversion","3"
0,26,1,0,1,1,0,3,1,1,0,1,0,0.292566806077957,"Extraversion","4"
1,31,0,0,1,1,1,3,0,1,1,0,0,0.587435126304626,"Extraversion","4"
0,38,1,0,1,1,1,2,0,0,0,1,1,0.354717582464218,"Extraversion","3"
0,26,1,0,0,0,1,2,1,0,0,1,0,0.322580099105835,"Extraversion","4"
0,38,1,0,1,1,0,3,0,0,0,0,0,0.531526446342468,"Extraversion","3"
0,38,1,0,1,1,0,2,1,0,0,0,0,0.116423361003399,"Extraversion","3"
1,19,0,0,0,1,0,2,0,0,1,1,1,0.886327385902405,"Grey_wage","1"
1,19,0,0,0,1,0,4,1,0,1,0,1,0.921311438083649,"Grey_wage","1"
1,32,0,0,0,1,1,4,0,0,1,1,1,0.630473732948303,"Grey_wage","1"
0,26,1,1,1,1,0,3,1,1,0,1,0,0.186947524547577,"Extraversion","4"
0,21,1,0,0,0,1,4,0,1,1,0,1,0.940382361412048,"Extraversion","4"
0,21,1,0,0,0,1,4,0,1,1,0,1,0.940382361412048,"Extraversion","4"
1,42,0,0,0,0,1,4,1,0,1,0,0,0.0532460883259773,"Extraversion","3"
1,42,0,0,1,1,1,3,1,1,0,0,0,0.0719873532652855,"Extraversion","3"
1,28,1,0,1,1,1,4,0,1,0,0,1,0.535354793071747,"Extraversion","4"
1,33,0,0,1,0,0,1,0,1,0,0,0,0.652311861515045,"Extraversion","4"
0,32,1,0,0,1,0,4,1,0,0,0,0,0.250244557857513,"Grey_wage","1"
0,28,1,0,1,1,1,4,0,1,0,0,0,0.410496026277542,"Extraversion","4"
1,26,0,0,1,1,1,1,1,0,1,1,0,0.636618614196777,"Extraversion","4"
0,40,1,0,1,1,0,4,1,1,0,1,0,0.110788702964783,"Extraversion","3"
0,29,1,0,1,1,1,4,0,0,0,1,0,0.410119265317917,"Extraversion","3"
1,44,0,0,1,1,1,4,0,1,1,0,1,0.421373933553696,"Grey_wage","1"
1,31,0,0,0,0,0,1,0,0,1,1,0,0.60132622718811,"Extraversion","3"
0,36,1,0,0,1,0,2,0,1,0,1,0,0.0730537623167038,"Extraversion","3"
0,30,1,1,0,1,1,3,0,0,1,1,0,0.346129775047302,"Extraversion","3"
0,54,1,0,1,1,0,4,1,0,0,0,0,0.10063648968935,"Extraversion","3"
0,54,1,0,1,1,0,4,1,0,0,0,0,0.10063648968935,"Extraversion","3"
0,36,1,0,0,1,1,2,0,0,1,1,0,0.320849001407623,"Extraversion","3"
0,32,1,0,0,0,0,2,1,0,0,1,0,0.256656736135483,"Extraversion","3"
0,41,1,0,1,1,1,1,0,0,1,1,0,0.853385508060455,"Extraversion","3"
0,41,1,0,1,1,1,1,0,0,1,1,0,0.853385508060455,"Extraversion","3"
0,41,1,0,1,1,1,2,1,0,0,1,0,0.18276609480381,"Extraversion","3"
0,30,1,0,0,1,1,1,1,0,0,1,0,0.305154949426651,"Extraversion","3"
0,23,1,1,0,1,0,2,1,0,0,1,1,0.801759839057922,"Grey_wage","1"
0,23,1,1,0,1,0,2,1,0,0,1,1,0.801759839057922,"Grey_wage","1"
0,42,1,0,0,1,1,3,0,1,1,0,1,0.360832929611206,"Grey_wage","1"
0,25,0,0,1,1,1,4,1,1,0,0,0,0.268875271081924,"Grey_wage","1"
0,23,1,0,0,1,1,4,0,1,0,0,0,0.105460651218891,"Grey_wage","1"
0,22,0,0,1,1,1,2,0,1,1,0,1,0.588822603225708,"Grey_wage","1"
0,37,1,0,1,1,1,3,0,1,1,0,1,0.26649084687233,"Extraversion","4"
1,24,1,1,1,1,0,3,0,0,1,0,1,0.645951628684998,"Grey_wage","1"
1,26,1,1,0,1,1,2,0,1,0,0,0,0.193473160266876,"Grey_wage","1"
0,34,0,0,0,1,0,2,0,1,0,0,0,0.463683426380157,"Extraversion","4"
0,27,0,1,1,1,1,2,1,0,0,0,0,0.305445045232773,"Extraversion","3"
1,26,0,0,1,1,1,4,0,1,1,0,0,0.201511725783348,"Grey_wage","1"
0,27,1,0,1,1,1,2,1,0,0,0,0,0.370781362056732,"Extraversion","4"
0,22,1,0,0,1,0,2,0,0,1,1,1,0.858444571495056,"Grey_wage","1"
0,31,1,0,1,0,0,3,0,1,1,1,0,0.219689875841141,"Grey_wage","1"
0,31,1,0,1,1,0,3,1,0,0,1,0,0.300508499145508,"Extraversion","3"
0,37,1,0,1,1,0,4,1,1,0,0,1,0.162146016955376,"Extraversion","4"
1,42,0,0,1,1,1,3,1,1,0,0,0,0.0719873532652855,"Extraversion","3"
0,22,1,0,0,1,1,3,0,0,1,1,0,0.347865074872971,"Extraversion","4"
0,22,1,0,0,1,1,4,0,1,1,0,0,0.400505512952805,"Grey_wage","1"
1,40,0,0,1,1,1,4,0,1,1,0,0,0.0928318575024605,"Extraversion","3"
0,34,0,0,0,1,1,4,1,0,0,0,0,0.347233474254608,"Extraversion","3"
1,33,0,0,1,1,0,2,1,0,1,1,1,0.376086056232452,"Grey_wage","1"
0,46,1,0,1,1,0,4,0,0,0,0,0,0.340789467096329,"Extraversion","3"
0,22,1,1,0,1,1,4,1,0,1,1,1,0.29114618897438,"Extraversion","4"
0,25,0,0,0,1,0,2,1,1,0,0,1,0.441027671098709,"Grey_wage","1"
0,23,1,1,0,1,0,2,1,0,0,1,1,0.801759839057922,"Grey_wage","1"
0,23,1,1,0,1,0,2,1,0,0,1,1,0.801759839057922,"Grey_wage","1"
1,31,0,0,1,0,1,2,1,1,0,1,0,0.596545100212097,"Grey_wage","1"
0,30,0,0,1,1,0,3,1,0,0,1,1,0.558643996715546,"Extraversion","3"
0,22,1,0,0,1,1,3,0,1,0,0,1,0.434439420700073,"Grey_wage","1"
0,35,1,0,1,1,1,3,1,0,0,0,0,0.192582592368126,"Extraversion","3"
0,24,1,0,0,1,1,1,0,0,1,1,0,0.397050678730011,"Extraversion","3"
0,29,1,0,1,1,0,4,0,1,0,0,1,0.41051185131073,"Extraversion","4"
1,33,0,0,1,1,1,3,1,0,0,1,1,0.679029285907745,"Grey_wage","1"
0,41,1,0,1,1,1,4,1,1,0,0,0,0.083090677857399,"Extraversion","3"
0,41,1,0,1,1,1,4,1,1,1,0,0,0.123925872147083,"Extraversion","3"
0,41,1,0,1,1,1,4,1,1,0,0,0,0.083090677857399,"Extraversion","3"
0,41,1,0,0,1,1,4,0,1,0,0,0,0.104180820286274,"Extraversion","3"
0,41,1,0,0,1,1,4,1,1,0,0,0,0.0854786857962608,"Extraversion","3"
0,22,1,1,0,1,1,2,0,0,0,1,0,0.508318066596985,"Extraversion","3"
0,34,0,0,1,0,0,1,0,0,0,0,0,0.924794614315033,"Extraversion","3"
0,27,1,0,0,1,1,3,0,0,1,1,0,0.348262459039688,"Extraversion","3"
0,27,1,0,0,1,1,2,1,1,0,0,0,0.272424191236496,"Extraversion","4"
0,35,0,0,0,1,0,1,0,0,0,1,0,0.727612853050232,"Extraversion","3"
0,27,1,0,1,1,1,2,1,0,0,0,0,0.370781362056732,"Extraversion","4"
0,42,1,0,1,1,1,3,0,0,0,0,0,0.321131378412247,"Extraversion","3"
0,44,1,0,0,0,0,4,1,0,0,1,0,0.116328433156013,"Extraversion","3"
0,32,0,0,1,1,1,4,1,1,0,0,0,0.445281684398651,"Grey_wage","1"
1,31,0,0,1,1,1,4,1,0,0,0,1,0.667177438735962,"Grey_wage","1"
0,23,1,0,0,1,1,4,1,1,0,0,0,0.114925138652325,"Extraversion","4"
1,27,1,0,1,1,0,4,1,1,0,0,1,0.876924216747284,"Extraversion","4"
0,25,1,0,0,1,1,4,1,1,0,0,1,0.384234696626663,"Grey_wage","1"
0,25,1,0,0,1,1,3,0,1,0,0,1,0.387765347957611,"Grey_wage","1"
1,39,0,0,1,1,1,4,1,1,0,0,0,0.0798414349555969,"Extraversion","3"
0,29,0,0,1,1,0,3,1,0,1,1,1,0.532091319561005,"Grey_wage","1"
0,24,1,0,0,1,1,2,0,1,0,0,0,0.260634332895279,"Grey_wage","1"
0,24,1,0,0,1,1,2,0,1,1,0,0,0.216775476932526,"Grey_wage","1"
0,33,1,1,1,1,0,1,0,0,0,1,0,0.567810297012329,"Extraversion","3"
0,27,0,1,1,1,1,4,1,1,0,1,0,0.115612871944904,"Extraversion","3"
0,29,1,0,0,1,1,4,0,1,1,1,0,0.100515879690647,"Grey_wage","1"
1,19,1,0,1,1,0,4,0,1,1,0,1,1.09843313694,"Extraversion","4"
1,29,1,0,1,1,1,4,0,1,1,0,0,0.21660104393959,"Grey_wage","1"
0,30,1,0,1,0,1,1,0,0,0,0,0,0.598339915275574,"Extraversion","3"
1,33,0,1,1,1,0,2,1,0,1,1,1,0.411034792661667,"Grey_wage","1"
0,34,0,0,0,1,1,2,0,1,0,0,0,0.40682578086853,"Extraversion","4"
1,29,1,0,0,1,1,4,0,1,1,0,0,0.0821417644619942,"Grey_wage","1"
0,31,0,0,1,1,0,4,0,0,1,1,1,0.607512891292572,"Extraversion","3"
1,42,0,0,1,1,1,3,1,1,0,0,0,0.0719873532652855,"Extraversion","3"
0,34,1,0,1,1,0,2,0,0,0,1,0,0.545411884784698,"Extraversion","3"
0,39,1,1,1,1,0,2,1,0,0,0,0,0.122657865285873,"Extraversion","3"
0,38,0,0,1,1,1,4,0,1,1,0,1,0.345317512750626,"Extraversion","4"
0,33,1,0,1,0,0,1,1,0,0,1,0,0.327996164560318,"Extraversion","3"
0,44,1,0,1,1,0,4,1,0,1,1,0,0.114289499819279,"Extraversion","3"
1,28,0,0,1,1,1,2,0,1,1,0,0,0.457911461591721,"Extraversion","4"
0,30.40033257,1,0,0,0,1,2,0,0,1,1,1,0.327922582626343,"Extraversion","4"
0,24,1,0,0,1,1,1,0,0,1,0,0,0.430633246898651,"Extraversion","3"
0,29,1,0,1,1,0,2,1,0,0,1,0,0.321984976530075,"Extraversion","3"
1,30,0,0,1,1,0,2,1,0,0,1,1,0.597558081150055,"Grey_wage","1"
0,39,1,0,1,1,1,4,1,0,0,0,0,0.122991748154163,"Extraversion","3"
0,26,0,0,1,0,1,2,0,0,1,1,0,0.298962414264679,"Extraversion","4"
1,28,1,0,1,1,1,4,0,1,0,0,1,0.535354793071747,"Extraversion","4"
0,34,0,0,0,1,1,1,1,0,0,1,0,0.58868145942688,"Extraversion","3"
0,32,1,0,1,1,1,2,0,0,0,1,0,0.416210293769836,"Extraversion","3"
0,20,1,1,0,1,1,4,1,0,1,1,1,0.917724668979645,"Grey_wage","1"
0,23,1,1,1,1,1,2,0,1,0,0,0,0.143104523420334,"Extraversion","4"
0,25,0,1,0,1,1,2,0,0,1,1,0,0.420621335506439,"Extraversion","3"
0,25,0,0,0,0,1,2,0,1,1,0,0,0.262785285711288,"Grey_wage","1"
0,32,1,0,0,1,0,2,1,1,0,0,0,0.205785542726517,"Grey_wage","1"
0,23,1,0,1,1,0,3,0,0,0,1,1,0.781962633132935,"Grey_wage","1"
0,25,1,0,0,0,1,2,0,0,0,0,0,0.408327221870422,"Extraversion","4"
0,20,1,0,0,1,1,1,1,0,0,1,1,0.680384576320648,"Grey_wage","1"
0,34,1,0,1,1,0,1,0,0,0,0,0,0.675157964229584,"Extraversion","3"
1,25,0,0,1,1,0,4,1,0,1,0,0,0.649008452892303,"Extraversion","4"
0,36,0,0,1,0,0,1,0,0,1,1,0,0.75314724445343,"Extraversion","3"
0,32,1,0,0,1,1,3,1,1,1,1,0,0.177157908678055,"Grey_wage","1"
0,25,1,0,0,1,1,2,1,0,0,1,1,0.316888958215714,"Extraversion","4"
0,26,0,0,1,1,1,1,1,0,0,0,0,0.412075102329254,"Extraversion","3"
0,25,1,0,1,1,1,1,0,1,0,0,1,0.475445628166199,"Grey_wage","1"
0,37,1,1,0,1,1,2,1,0,1,0,0,0.0701895952224731,"Extraversion","3"
0,25,1,0,0,1,0,4,1,0,0,0,1,0.431327015161514,"Grey_wage","1"
0,25,1,0,0,1,1,1,0,0,1,1,1,0.351817488670349,"Extraversion","3"
1,24,0,0,0,1,1,2,0,0,0,0,0,0.327228546142578,"Extraversion","4"
0,32,1,0,0,1,1,4,1,0,0,0,1,0.584398031234741,"Grey_wage","1"
0,24,1,0,0,1,1,2,0,0,0,1,1,0.362703382968903,"Extraversion","3"
1,31,1,0,0,1,0,3,0,1,0,0,1,0.53994882106781,"Grey_wage","1"
0,37,1,0,1,1,1,2,1,0,1,1,1,0.082584448158741,"Extraversion","3"
0,38,1,0,1,1,0,4,0,1,1,1,0,0.0708029419183731,"Extraversion","3"
0,35,1,0,0,1,1,2,1,1,0,0,1,0.112555615603924,"Grey_wage","1"
0,35,1,0,0,1,1,1,1,0,0,0,1,0.126297533512115,"Extraversion","3"
0,26,1,0,0,1,1,1,0,0,0,0,0,0.42617455124855,"Extraversion","4"
0,27,1,0,0,1,0,3,1,0,0,0,1,0.250470131635666,"Extraversion","4"
0,34,1,0,0,1,1,2,0,1,0,0,0,0.106838554143906,"Extraversion","4"
0,34,1,0,0,1,1,2,0,1,1,0,0,0.130244046449661,"Grey_wage","1"
0,34,1,0,0,1,1,3,0,1,0,0,0,0.106838554143906,"Extraversion","4"
0,34,1,0,0,1,1,4,0,1,0,0,0,0.106838554143906,"Extraversion","4"
0,36,0,0,0,1,1,1,0,0,1,1,0,0.658177375793457,"Extraversion","3"
0,46,0,0,1,1,1,4,1,0,1,0,1,0.694712340831757,"Extraversion","4"
0,32,1,0,1,1,0,1,0,0,1,1,0,0.469653397798538,"Extraversion","3"
0,25,1,0,0,1,1,2,1,0,1,1,1,0.320766657590866,"Extraversion","4"
0,23,1,0,0,1,1,2,0,0,0,1,0,0.342886924743652,"Extraversion","4"
0,31,1,1,0,1,1,4,0,1,0,0,1,0.723754405975342,"Grey_wage","1"
0,31,1,1,0,1,1,4,0,1,0,0,1,0.723754405975342,"Grey_wage","1"
1,23,1,0,0,1,0,4,1,1,1,0,1,0.781534552574158,"Grey_wage","1"
1,23,1,0,0,1,0,3,1,0,1,0,1,0.846355140209198,"Grey_wage","1"
1,37,0,0,1,1,1,1,0,0,0,1,0,0.640907943248749,"Extraversion","3"
0,29,1,0,0,1,1,4,0,1,0,0,0,0.243881985545158,"Extraversion","4"
0,27,1,0,1,1,0,2,1,0,0,0,0,0.372438430786133,"Extraversion","4"
1,18,0,0,1,1,1,1,0,0,1,1,1,0.836906135082245,"Grey_wage","1"
0,37,1,0,0,1,0,2,1,0,1,1,0,0.0753723010420799,"Extraversion","3"
0,37,1,0,0,1,0,4,1,0,0,1,0,0.105154804885387,"Extraversion","3"
0,37,1,0,0,1,0,2,1,0,1,1,0,0.0753723010420799,"Extraversion","3"
0,37,1,0,0,1,0,4,1,0,0,1,0,0.105154804885387,"Extraversion","3"
0,31,1,0,0,1,1,4,1,1,0,0,1,0.59726357460022,"Grey_wage","1"
1,30,0,0,0,1,1,1,0,0,1,1,1,0.564543962478638,"Extraversion","3"
0,33,1,0,0,1,1,2,1,0,1,1,0,0.327346205711365,"Grey_wage","1"
0,18,1,0,0,1,1,2,1,0,0,0,0,0.251276195049286,"Extraversion","4"
0,36,1,0,1,1,1,2,0,0,0,1,0,0.429247409105301,"Extraversion","3"
0,29,1,0,0,1,1,2,0,0,0,1,0,0.349287211894989,"Extraversion","3"
1,38,0,1,1,1,0,1,1,0,0,1,1,0.211845546960831,"Grey_wage","1"
0,30.40033257,0,0,1,0,1,1,0,0,0,1,0,0.66606068611145,"Extraversion","3"
1,27,0,0,1,1,0,4,0,0,1,1,0,0.351625114679337,"Extraversion","4"
0,38,0,0,1,1,0,2,1,0,0,1,0,0.183668732643127,"Extraversion","3"
0,26,0,0,1,1,0,4,1,0,1,0,1,0.456659257411957,"Grey_wage","1"
1,34,0,0,1,1,0,4,0,1,1,1,1,0.476695030927658,"Extraversion","4"
0,39,1,0,0,1,0,2,0,0,1,1,0,0.556634187698364,"Extraversion","3"
0,39,1,0,0,1,0,1,1,0,0,1,0,0.367054641246796,"Extraversion","3"
0,39,0,0,1,0,1,4,1,1,1,0,0,0.0962524861097336,"Extraversion","3"
0,27,0,0,1,1,1,1,1,0,0,1,0,0.511716961860657,"Extraversion","3"
1,29,0,1,1,1,0,4,0,1,0,0,1,0.866174221038818,"Extraversion","4"
1,27,0,0,1,1,0,4,1,0,1,0,1,0.601526498794556,"Extraversion","4"
0,28,1,0,0,1,1,4,1,1,0,1,0,0.0942886620759964,"Grey_wage","1"
0,27,0,0,1,0,1,2,0,0,0,1,0,0.339108735322952,"Extraversion","4"
0,24,1,0,0,1,1,1,0,1,0,0,1,0.260634332895279,"Grey_wage","1"
0,34,1,0,1,1,0,4,0,1,1,1,0,0.127830326557159,"Extraversion","4"
1,38,1,0,0,1,1,2,0,0,1,0,0,0.169626384973526,"Extraversion","3"
0,58,0,0,1,1,1,3,0,1,0,0,0,0.0902008563280106,"Extraversion","4"
1,23,0,0,1,1,0,4,0,1,0,0,1,0.77229630947113,"Grey_wage","1"
0,28,1,0,1,1,1,2,0,0,0,1,0,0.367083042860031,"Extraversion","3"
0,37,1,0,1,1,1,4,0,1,0,1,0,0.0425151996314526,"Extraversion","3"
0,32,1,0,1,1,1,1,1,0,0,1,1,0.479119122028351,"Grey_wage","1"
1,29,0,0,1,1,1,4,0,1,1,0,1,0.542329370975494,"Extraversion","4"
0,25,1,0,1,1,0,2,0,1,1,1,1,0.587527632713318,"Grey_wage","1"
1,32,0,0,1,1,0,4,1,1,1,0,0,0.209682524204254,"Grey_wage","1"
1,22,0,1,1,1,1,2,0,0,1,1,0,0.336923092603683,"Extraversion","4"
1,34,0,0,0,1,0,4,0,0,1,1,0,0.349787622690201,"Extraversion","3"
0,36,1,0,1,1,1,2,0,0,0,1,0,0.429247409105301,"Extraversion","3"
1,35,0,1,1,1,0,2,1,0,1,1,0,0.13053335249424,"Extraversion","3"
0,34,0,0,0,1,0,4,0,1,0,0,1,0.463683426380157,"Extraversion","4"
1,44,0,0,1,1,1,2,1,1,1,0,0,0.103867150843143,"Grey_wage","1"
1,23,0,0,1,1,1,2,0,1,0,0,1,0.369340747594833,"Grey_wage","1"
0,29,0,0,1,1,1,4,0,1,1,0,1,0.487787365913391,"Extraversion","4"
1,36,0,0,1,1,1,4,1,0,1,0,0,0.16049998998642,"Extraversion","3"
0,32,1,0,1,0,0,4,1,0,0,0,1,0.240755647420883,"Extraversion","3"
0,26,1,0,1,0,1,1,1,0,0,0,0,0.444139450788498,"Extraversion","4"
0,30,0,0,1,1,1,3,1,0,0,1,1,0.565918862819672,"Extraversion","3"
0,38,1,0,1,1,0,4,0,1,0,0,0,0.0966010838747025,"Extraversion","3"
0,24,1,0,0,1,1,3,1,1,0,0,0,0.237934499979019,"Extraversion","4"
0,37,1,0,1,1,0,2,1,0,0,1,0,0.159859493374825,"Extraversion","4"
0,35,1,0,1,1,0,3,0,0,1,1,0,0.506788194179535,"Extraversion","3"
0,42,1,0,1,1,1,1,0,1,0,0,0,0.0209173709154129,"Extraversion","3"
0,37,1,0,0,1,0,2,1,0,1,1,0,0.0753723010420799,"Extraversion","3"
0,37,1,0,0,1,0,4,1,0,0,1,0,0.105154804885387,"Extraversion","3"
0,48,1,0,0,1,1,2,0,0,1,1,0,0.209967985749245,"Extraversion","4"
0,34,0,0,0,1,0,4,0,1,0,0,1,0.463683426380157,"Extraversion","4"
0,21,1,0,0,0,1,4,1,1,0,1,0,0.243297681212425,"Grey_wage","1"
0,27,1,0,0,1,1,3,1,0,0,1,0,0.304381430149078,"Extraversion","4"
0,31,0,0,1,1,1,3,0,1,0,0,0,0.426578253507614,"Extraversion","4"
0,26,0,0,0,0,1,3,1,0,0,1,0,0.495768904685974,"Extraversion","3"
0,24,1,0,0,1,1,2,0,1,0,1,0,0.316474407911301,"Grey_wage","1"
0,22,0,0,0,1,1,2,0,1,0,0,1,0.542511463165283,"Grey_wage","1"
0,27,0,0,1,1,1,2,0,0,0,1,1,0.339108735322952,"Extraversion","4"
0,42,1,0,1,1,1,3,0,0,0,0,0,0.321131378412247,"Extraversion","3"
0,39,1,0,1,1,0,3,1,0,0,1,1,0.252480030059814,"Extraversion","3"
0,27,1,0,1,1,1,4,0,1,0,1,1,0.306289285421371,"Extraversion","4"
1,41,0,0,1,1,1,4,0,1,1,0,0,0.0912394523620605,"Extraversion","3"
1,32,0,0,1,0,0,4,0,1,1,0,1,0.501175940036774,"Extraversion","4"
0,41,1,0,0,1,1,4,1,1,0,0,0,0.0854786857962608,"Extraversion","3"
0,41,1,0,0,1,1,4,1,1,1,0,0,0.114898815751076,"Extraversion","3"
0,41,1,0,0,1,1,4,1,1,0,0,0,0.0854786857962608,"Extraversion","3"
0,32,0,0,0,1,0,4,0,1,0,0,0,0.262961089611053,"Grey_wage","1"
0,43,1,0,1,1,1,1,1,0,0,1,1,0.43735745549202,"Grey_wage","1"
0,35,1,0,0,1,0,4,1,1,0,0,1,0.288585305213928,"Grey_wage","1"
0,26,1,0,1,1,0,4,0,1,1,0,0,0.283657759428024,"Grey_wage","1"
0,26,1,0,1,1,0,4,0,0,1,0,0,0.362235814332962,"Extraversion","4"
0,26,1,1,0,1,1,3,0,1,1,0,1,0.425741404294968,"Grey_wage","1"
0,26,1,1,0,1,1,3,0,1,0,0,1,0.399723708629608,"Grey_wage","1"
0,33,1,0,0,1,0,1,1,1,1,0,1,0.532622396945953,"Grey_wage","1"
0,33,1,0,0,1,0,4,0,0,1,1,1,0.507404804229736,"Grey_wage","1"
0,24,1,0,0,1,1,3,1,0,0,0,1,0.338884174823761,"Extraversion","4"
0,24,1,0,0,1,1,1,0,0,0,0,1,0.409781903028488,"Extraversion","3"
1,31,0,0,1,1,0,1,0,0,1,0,0,0.702385008335114,"Extraversion","3"
1,31,0,0,1,1,0,1,0,0,1,0,0,0.702385008335114,"Extraversion","3"
1,26,1,0,0,1,1,4,0,0,1,0,1,0.219356790184975,"Extraversion","3"
0,27,1,0,1,1,0,1,0,1,0,0,0,0.46590918302536,"Extraversion","4"
0,23,1,0,0,1,1,2,0,0,0,1,0,0.342886924743652,"Extraversion","4"
0,21,1,0,0,1,1,4,0,1,1,0,1,0.940382361412048,"Extraversion","4"
0,21,1,0,0,1,1,4,0,1,1,0,1,0.940382361412048,"Extraversion","4"
0,32,1,0,1,1,0,1,0,0,1,1,1,0.469653397798538,"Extraversion","3"
0,32,1,0,1,1,0,1,0,0,1,1,1,0.469653397798538,"Extraversion","3"
0,25,1,0,0,1,1,4,1,1,0,0,1,0.384234696626663,"Grey_wage","1"
0,25,1,0,0,1,1,3,0,1,0,0,1,0.387765347957611,"Grey_wage","1"
0,23,1,0,1,1,1,3,0,0,0,1,1,0.279166281223297,"Extraversion","4"
0,23,1,0,0,1,0,1,0,0,1,1,0,0.543935894966125,"Grey_wage","1"
0,34,1,0,0,1,1,4,1,1,0,0,0,0.0813941806554794,"Extraversion","3"
0,32,1,0,0,1,1,4,1,0,0,0,1,0.584398031234741,"Grey_wage","1"
0,32,1,0,1,1,1,4,0,1,0,0,1,0.443428069353104,"Grey_wage","1"
0,32,1,0,1,1,1,4,1,1,0,0,1,0.576009929180145,"Grey_wage","1"
1,23,0,0,1,1,1,3,0,0,1,0,1,0.29467561841011,"Grey_wage","1"
0,39,1,0,1,0,1,1,0,0,0,1,0,0.762142419815063,"Extraversion","3"
1,26,0,0,0,1,1,4,0,1,0,0,1,0.253207415342331,"Grey_wage","1"
0,33,1,0,1,1,0,2,0,0,0,1,0,0.487588763237,"Extraversion","3"
0,34,1,0,0,1,1,4,1,1,0,0,0,0.0813941806554794,"Extraversion","3"
0,22,1,0,0,1,0,2,1,1,0,0,1,0.73901355266571,"Grey_wage","1"
1,27,0,0,1,1,1,4,0,1,1,0,0,0.218994453549385,"Extraversion","4"
0,35,1,0,1,1,0,4,0,1,1,0,1,0.327439546585083,"Grey_wage","1"
0,25,1,0,1,1,0,3,0,1,1,1,1,0.587527632713318,"Grey_wage","1"
0,22,1,0,0,1,1,4,0,1,1,0,1,0.400505512952805,"Grey_wage","1"
1,24,0,0,1,1,0,1,0,0,1,1,0,0.387587070465088,"Extraversion","4"
0,26,1,0,1,1,1,2,0,0,1,0,0,0.356975018978119,"Extraversion","4"
1,30,0,0,1,1,0,4,0,1,0,0,1,0.708921134471893,"Extraversion","4"
0,22,1,0,1,1,1,2,0,0,1,1,1,0.403203219175339,"Grey_wage","1"
0,21,0,0,0,1,0,3,0,1,1,1,1,0.830342352390289,"Grey_wage","1"
0,24,0,0,1,1,1,4,1,1,0,1,0,0.217672407627106,"Grey_wage","1"
0,23,0,0,0,1,1,2,0,1,1,0,0,0.0732914283871651,"Extraversion","3"
0,42,1,0,1,0,1,4,0,0,0,0,0,0.321131378412247,"Extraversion","3"
1,23,1,0,0,1,0,4,0,1,0,1,1,0.653025925159454,"Grey_wage","1"
0,25,1,0,1,1,1,1,0,0,0,1,1,0.351723074913025,"Extraversion","4"
1,32,1,0,0,1,0,3,0,0,1,1,1,0.551321983337402,"Grey_wage","1"
1,27,0,0,1,1,0,4,1,0,1,0,1,0.601526498794556,"Extraversion","4"
0,23,1,0,0,1,1,4,1,1,0,0,1,0.114925138652325,"Extraversion","4"
0,36,1,0,0,1,1,4,1,0,1,1,1,0.120020307600498,"Extraversion","3"
0,25,1,1,0,1,1,2,1,1,0,0,0,0.178231954574585,"Extraversion","4"
0,35,0,0,0,1,1,3,0,0,0,1,0,0.676445841789246,"Extraversion","3"
0,30,1,1,0,1,0,4,1,0,1,1,1,0.414689600467682,"Grey_wage","1"
0,25,1,1,0,1,1,2,1,0,0,0,0,0.311718136072159,"Extraversion","4"
0,26,1,0,0,1,0,4,0,1,1,0,0,0.206883773207664,"Grey_wage","1"
0,21,1,0,1,1,1,3,1,1,0,0,0,0.141584813594818,"Extraversion","4"
0,25,1,0,1,1,0,4,0,1,0,0,1,0.530376315116882,"Grey_wage","1"
0,31,1,0,0,1,0,4,0,1,1,0,1,0.600905120372772,"Grey_wage","1"
0,26,1,0,0,1,1,2,0,0,0,1,1,0.361044466495514,"Extraversion","4"
0,31,1,0,0,1,1,2,0,0,1,1,0,0.344481348991394,"Extraversion","4"
1,44,0,0,1,1,0,4,1,1,0,0,0,0.0786912888288498,"Extraversion","3"
0,23,1,0,0,1,1,4,0,1,1,0,1,0.148788794875145,"Extraversion","4"
0,39,1,0,1,1,1,4,1,1,0,0,0,0.0960051119327545,"Extraversion","3"
0,32,1,0,1,1,1,1,1,0,0,0,1,0.623806059360504,"Grey_wage","1"
1,34,0,0,1,1,1,1,0,0,1,0,0,0.667311787605286,"Extraversion","3"
1,34,0,0,1,1,1,1,0,0,1,0,0,0.667311787605286,"Extraversion","3"
1,22,0,0,1,1,1,4,1,0,0,0,1,0.733253300189972,"Extraversion","4"
0,27,1,0,0,1,0,2,1,0,0,0,0,0.250470131635666,"Extraversion","4"
1,29,0,1,1,1,1,4,0,1,1,0,1,0.576717495918274,"Extraversion","4"
0,31,1,0,1,1,1,1,1,0,0,1,1,0.500291466712952,"Grey_wage","1"
0,31,1,0,1,1,1,2,0,1,0,0,0,0.430310130119324,"Grey_wage","1"
0,32,1,0,1,1,0,3,0,1,0,1,0,0.273262679576874,"Extraversion","4"
0,36,1,0,1,1,1,4,0,1,1,0,0,0.244833528995514,"Extraversion","4"
0,36,1,0,1,1,1,3,0,1,0,0,0,0.0969464480876923,"Extraversion","3"
0,38,1,1,0,0,1,4,0,0,0,1,0,0.277045458555222,"Extraversion","3"
1,29,0,0,1,1,1,1,0,0,1,1,0,0.606320261955261,"Extraversion","3"
0,25,0,0,1,1,1,4,0,1,0,1,0,0.321347177028656,"Grey_wage","1"
1,34,0,0,1,1,0,4,1,1,0,0,0,0.239528432488441,"Extraversion","4"
1,21,0,0,0,0,1,4,1,0,1,0,1,0.801917731761932,"Extraversion","4"
1,25,0,0,1,1,1,4,1,0,0,0,1,0.620865166187286,"Extraversion","4"
0,27,1,0,0,1,1,4,1,0,0,0,0,0.299514025449753,"Extraversion","4"
0,32,1,0,1,1,1,4,0,1,1,1,0,0.196956589818001,"Grey_wage","1"
1,39,0,0,1,1,1,4,1,0,1,1,0,0.213218212127686,"Extraversion","3"
0,28,0,0,1,1,0,1,0,0,1,1,1,0.500857472419739,"Extraversion","3"
0,45,1,0,1,0,1,3,0,1,0,0,0,0.141141787171364,"Extraversion","3"
0,45,1,0,1,0,1,3,0,0,0,1,0,0.43581286072731,"Extraversion","3"
0,45,1,0,1,0,1,4,1,0,0,1,0,0.12922029197216,"Extraversion","3"
1,23,1,0,0,1,1,4,1,0,0,0,0,0.429969608783722,"Extraversion","4"
0,22,1,0,1,1,1,2,0,0,1,1,1,0.403203219175339,"Grey_wage","1"
1,32,0,1,1,1,0,2,0,0,0,0,1,0.484949111938477,"Grey_wage","1"
0,19,0,0,1,1,0,1,1,0,0,0,0,0.621510744094849,"Extraversion","4"
0,33,0,0,1,1,1,4,0,1,1,1,1,0.576793372631073,"Grey_wage","1"
0,43,1,0,0,1,1,2,0,0,0,0,0,0.17156970500946,"Extraversion","3"
0,27,1,1,0,0,0,1,0,0,1,0,0,0.616149365901947,"Extraversion","3"
1,34,0,0,1,1,1,4,0,1,0,0,1,0.737722992897034,"Extraversion","4"
1,24,0,0,1,1,1,4,1,1,0,0,1,0.566886365413666,"Extraversion","4"
1,36,0,0,1,1,1,4,0,1,1,0,0,0.10385350137949,"Extraversion","3"
1,29,0,0,1,1,1,2,1,0,1,1,0,0.418187916278839,"Extraversion","3"
1,43,0,0,1,1,0,2,0,0,1,0,1,0.557892501354218,"Grey_wage","1"
1,34,0,0,1,0,1,4,0,1,0,0,1,0.737722992897034,"Extraversion","4"
0,31,1,1,1,1,1,2,1,0,0,1,1,0.560108006000519,"Grey_wage","1"
0,31,1,1,1,1,1,3,1,0,1,1,1,0.472172468900681,"Grey_wage","1"
1,41,1,0,1,1,1,4,0,1,1,0,0,0.103834435343742,"Extraversion","3"
0,34,0,0,0,1,1,4,0,1,1,0,1,0.469214856624603,"Extraversion","4"
