"stag","event","Gender","Age","Profession","Is_coached","Head_gender","Grey_wage","Transportation","Extraversion","Independence","Selfcontrol","Anxiety","Novator","Long_emp_retention"
150.9979466,1,0,19,1,1,1,1,1,2,0,0,1,1,1
10.90759754,1,0,32,1,0,1,1,0,1,0,0,1,1,0
89.36344969,1,0,22,1,0,1,1,1,2,0,0,1,1,1
99.77823409,0,0,42,1,0,0,1,1,3,0,1,1,0,1
118.8008214,0,0,34,0,0,0,1,1,4,0,1,1,0,1
19.71252567,1,0,23,0,0,0,1,1,2,0,0,0,1,0
16.22997947,1,1,35,1,0,1,1,0,2,0,0,0,0,0
22.73511294,1,0,34,1,0,1,1,0,3,0,0,0,0,0
5.026694045,1,0,26,1,0,0,0,1,4,0,1,0,0,0
12.78028747,1,0,24,1,0,0,1,1,1,0,0,1,0,0
8.969199179,1,0,42,1,1,1,1,1,2,1,0,0,1,0
7.030800821,1,1,35,0,0,1,1,1,3,1,0,0,0,0
68.27104723,1,0,24,0,0,0,1,1,2,0,0,1,1,1
63.54004107,1,0,31,0,0,1,1,0,4,0,0,1,1,1
52.862423,1,0,38,1,0,1,1,0,4,0,1,1,1,0
13.10882957,1,1,26,0,0,1,1,0,2,0,0,1,0,0
45.30595483,1,0,34,1,0,0,1,1,2,0,1,1,0,0
42.48049281,1,0,42,1,0,1,1,1,2,1,0,0,0,0
89.00205339,1,1,32,0,0,1,0,0,4,0,1,1,0,1
11.30184805,1,0,34,0,0,1,0,0,1,0,0,0,0,0
16.59137577,1,0,22,0,1,0,1,1,1,1,0,0,1,0
101.5195072,0,0,32,1,0,0,1,1,4,1,0,0,0,1
103.3921971,1,0,27,1,0,0,1,0,4,0,1,1,0,1
19.87679671,1,0,29,1,0,1,1,0,2,1,0,0,1,0
26.21765914,1,0,36,1,0,1,1,1,4,1,1,1,0,0
2.201232033,1,0,33,1,0,0,1,0,3,1,1,0,0,0
59.86036961,1,0,27,1,0,0,1,0,2,1,0,0,0,0
123.0718686,1,0,28,0,0,0,1,0,4,1,0,1,1,1
6.439425051,1,1,24,0,0,1,1,0,1,0,0,1,1,0
130.9897331,1,0,31,1,0,1,1,1,3,1,0,0,1,1
113.0513347,0,0,30,1,1,0,1,0,4,1,0,1,1,1
23.52361396,1,0,36,0,0,0,1,1,4,0,0,0,0,0
26.21765914,1,0,36,1,0,1,1,1,4,1,1,0,0,0
9.790554415,1,0,41,1,0,0,1,1,4,1,1,1,0,0
9.100616016,1,0,26,1,0,1,1,0,3,1,1,0,1,0
9.790554415,1,0,41,1,0,0,1,1,4,1,1,0,0,0
7.030800821,1,0,39,1,0,0,1,0,2,0,0,1,1,0
16.91991786,1,1,35,0,0,1,1,0,4,0,0,1,0,0
12.05749487,1,0,36,0,0,1,1,1,3,0,0,0,0,0
3.975359343,1,0,29,0,0,1,1,1,2,1,0,1,0,0
84.89527721,0,0,31,1,0,0,1,0,4,0,1,1,0,1
11.23613963,1,1,26,0,0,1,1,1,4,0,1,1,0,0
3.811088296,1,0,23,1,1,1,1,1,2,0,1,0,0,0
7.950718686,1,0,34,0,0,1,1,0,2,1,1,0,0,0
59.00616016,1,1,36,0,0,1,1,1,4,0,1,1,0,0
23.45790554,1,0,27,1,0,0,1,1,4,1,0,0,1,0
20.92813142,1,0,23,0,1,1,1,1,4,1,0,1,0,0
179.449692,0,0,24,1,0,0,1,1,2,0,0,0,1,1
11.03901437,1,0,37,1,0,1,1,1,4,0,1,0,1,0
36.96098563,1,0,48,0,0,0,1,1,4,1,0,0,1,0
8.27926078,1,1,29,0,0,1,1,1,1,0,0,1,1,0
9.790554415,1,0,41,1,0,0,1,1,4,1,1,0,0,0
8.574948665,1,1,38,1,0,0,1,1,4,0,0,1,1,0
14.58726899,1,0,34,1,0,1,1,0,4,0,1,1,1,0
14.85010267,1,1,25,1,0,0,1,0,2,0,0,0,0,0
81.83983573,1,1,34,0,0,1,1,0,4,0,1,1,1,1
5.815195072,1,0,25,0,0,1,1,1,4,0,1,0,1,0
6.176591376,1,0,34,1,0,0,1,1,4,1,1,0,0,0
43.92607803,1,0,32,1,0,1,1,1,2,0,0,0,1,0
89.36344969,1,0,22,1,0,1,1,1,2,0,0,1,1,1
80.49281314,1,0,25,1,0,0,1,1,2,1,0,0,1,1
52.73100616,1,0,45,1,0,1,0,1,3,0,0,0,1,0
11.49897331,1,0,26,1,0,0,1,1,4,1,0,0,0,0
19.28542094,1,0,38,0,0,1,1,0,2,1,0,0,1,0
12.68172485,1,0,36,1,0,1,1,1,2,0,0,0,1,0
70.93223819,1,0,26,1,0,1,1,1,4,0,1,0,0,1
13.17453799,1,1,28,0,0,1,1,0,2,1,0,0,1,0
10.34907598,1,0,37,0,0,1,1,1,2,1,0,0,1,0
93.8973306,0,1,23,0,0,1,1,1,3,0,0,1,0,1
25.65913758,1,1,51,0,0,1,1,0,4,0,1,0,0,0
128.1314168,0,0,32,1,0,1,1,1,1,1,0,0,1,1
85.48665298,0,1,29,0,1,1,1,1,4,0,1,1,0,1
163.8110883,1,1,19,1,0,1,1,0,4,0,1,1,0,1
45.37166324,1,0,29,1,0,1,1,1,4,0,0,1,1,0
17.41273101,1,0,27,1,1,0,0,0,1,0,0,1,0,0
19.18685832,1,0,25,1,0,0,0,1,2,0,0,0,0,0
23.95071869,1,0,32,1,0,0,1,0,4,1,0,0,0,0
3.252566735,1,0,39,1,0,1,1,1,4,1,1,0,0,0
0.394250513,1,1,36,0,0,1,1,1,4,1,0,1,0,0
1.741273101,1,0,24,0,0,0,0,1,2,0,1,0,0,0
17.83983573,1,0,39,1,1,1,1,0,2,1,0,0,0,0
140.9445585,0,0,26,1,0,1,1,1,3,0,1,1,0,1
36.23819302,1,0,32,1,0,1,1,0,4,1,1,0,0,0
108.550308,1,1,27,1,0,1,1,0,4,1,1,0,0,1
11.49897331,1,0,26,1,0,0,1,1,4,0,1,0,0,0
19.58110883,1,0,23,1,0,0,1,1,4,0,1,0,0,0
22.07802875,1,1,52,0,0,1,1,1,4,1,0,1,1,0
12.02464066,1,1,30,0,0,1,0,0,3,0,0,1,0,0
50.72689938,1,0,28,0,0,1,1,0,1,0,1,0,0,0
67.84394251,1,1,24,1,1,1,1,0,3,0,0,1,0,1
19.18685832,1,0,22,0,1,1,0,1,1,0,0,0,0,0
35.94250513,1,1,38,0,0,1,1,0,1,0,1,0,0,0
23.52361396,1,0,36,0,0,0,1,1,2,0,0,0,0,0
37.15811088,1,1,38,1,0,0,1,1,2,0,0,1,0,0
5.848049281,1,0,23,1,1,0,1,1,2,0,0,0,0,0
7.030800821,1,0,39,1,0,0,1,0,1,1,0,0,1,0
22.47227926,1,0,29,0,0,0,1,0,1,0,0,1,0,0
9.790554415,1,0,41,1,0,1,1,1,4,1,1,0,0,0
13.10882957,1,0,21,1,0,0,0,1,4,1,1,0,1,0
86.53798768,1,0,23,0,1,0,1,1,4,1,1,0,0,1
15.57289528,1,0,24,1,0,0,1,1,2,1,0,0,1,0
94.78439425,0,0,31,1,1,1,1,1,3,1,0,1,1,1
23.88501027,1,0,26,1,0,0,1,1,2,0,0,0,1,0
73.49486653,1,1,33,0,0,0,1,1,4,1,1,1,0,1
16.39425051,1,0,28,1,0,1,1,0,1,0,0,0,0,0
86.83367556,1,0,29,1,0,0,1,0,2,0,0,1,0,1
107.1704312,1,0,33,0,0,1,1,1,3,0,1,1,0,1
142.4558522,1,0,18,1,0,0,1,1,2,0,1,0,0,1
29.47022587,1,0,29,1,0,0,1,1,2,0,0,0,1,0
14.85010267,1,1,29,1,0,0,1,1,4,0,1,1,0,0
144.5913758,1,1,30,0,0,0,1,1,1,0,0,1,1,1
18.1026694,1,0,44,1,0,1,0,1,4,1,0,1,0,0
34.0698152,1,0,34,0,0,1,0,0,1,0,0,0,0,0
11.69609856,1,0,36,1,0,0,1,0,2,0,1,0,1,0
33.93839836,1,0,27,1,0,0,1,1,3,0,0,1,1,0
61.73305955,1,1,23,0,0,1,1,0,4,1,1,0,0,1
0.755646817,1,0,43,1,0,0,1,1,2,0,0,0,0,0
103.5893224,0,0,21,1,0,0,0,1,4,0,1,1,0,1
40.87063655,1,1,35,0,1,1,1,0,2,1,0,1,1,0
70.93223819,0,1,26,1,0,0,1,1,4,0,0,1,0,1
91.99178645,1,0,39,1,0,1,1,0,3,1,0,0,1,1
9.100616016,1,0,33,1,0,1,1,0,2,0,0,1,1,0
81.64271047,0,0,31,1,1,0,1,1,4,0,1,0,0,1
13.5687885,1,0,33,1,0,1,1,0,2,0,0,0,1,0
37.09240246,1,0,37,1,1,0,1,1,2,1,1,0,0,0
16,1,0,26,1,0,1,1,1,2,0,0,1,0,0
14.9486653,1,0,25,1,0,0,1,1,1,1,0,1,0,0
67.35112936,1,0,40,1,0,1,1,0,1,0,0,1,1,1
23.68788501,1,0,24,1,0,0,0,1,4,0,1,1,0,0
3.975359343,1,0,29,1,1,1,1,1,2,1,0,0,0,0
56.77207392,1,0,36,1,0,1,1,1,3,0,1,0,0,0
3.975359343,1,0,29,0,0,1,1,1,1,0,0,0,0,0
70.17659138,0,0,31,1,0,0,1,1,4,0,1,0,0,1
11.99178645,1,0,27,1,1,0,1,1,2,1,0,0,1,0
12.8788501,1,0,23,1,0,0,0,1,1,0,0,0,0,0
32.26283368,1,0,35,1,0,1,1,0,3,0,0,1,1,0
9.034907598,1,0,37,0,1,1,1,1,4,1,0,1,1,0
123.6960986,0,0,32,1,0,1,0,0,4,1,0,0,0,1
49.87268994,1,0,30.40033257,0,0,1,0,1,1,0,0,0,1,0
9.889117043,1,0,25,1,0,0,1,1,3,1,0,0,0,0
52.73100616,1,0,45,1,0,1,0,1,3,0,1,0,0,0
163.7782341,0,1,23,1,0,0,1,0,4,1,1,1,0,1
56.77207392,1,0,36,1,0,1,1,1,4,0,1,1,0,0
13.10882957,1,0,26,1,0,0,1,0,4,0,1,1,0,0
12.22176591,1,1,27,0,0,1,1,0,4,0,0,1,1,0
19.84394251,1,0,29,1,0,0,1,0,1,1,0,0,0,0
163.7782341,0,1,23,1,0,0,1,0,3,1,0,1,0,1
82.7926078,0,1,23,0,0,1,1,1,2,0,1,0,0,1
87.68788501,1,0,29,1,0,0,1,1,2,1,0,0,1,1
13.07597536,1,0,21,1,0,0,1,1,3,1,0,0,0,0
131.613963,0,0,26,0,0,1,1,0,4,1,0,1,0,1
24.0164271,1,0,28,1,0,1,1,1,4,0,1,0,0,0
34.03696099,1,0,27,1,0,0,0,0,1,0,0,0,1,0
7.589322382,1,1,47,0,0,1,0,1,4,0,0,1,0,0
64.29568789,1,1,44,0,0,1,0,1,4,0,1,1,1,1
3.58110883,1,0,40,1,0,0,1,1,1,0,0,1,1,0
19.8110883,1,0,26,0,0,1,0,1,3,0,1,0,0,0
7.950718686,1,0,34,0,0,1,1,0,1,1,0,0,0,0
26.11909651,1,0,31,1,0,1,0,1,4,1,0,0,0,0
3.58110883,1,0,40,1,0,0,1,1,1,0,0,1,1,0
82.75975359,0,0,20,1,1,0,1,1,4,1,0,1,1,1
0.919917864,1,1,26,1,1,0,1,1,2,0,1,0,0,0
97.44558522,0,0,28,0,0,1,1,0,1,0,0,1,1,1
5.848049281,1,0,23,1,1,0,1,1,4,1,1,0,0,0
26.94045175,1,0,21,0,0,0,1,1,4,0,1,0,0,0
95.44147844,0,0,25,1,0,1,0,1,2,0,1,1,1,1
26.80903491,1,0,34,1,0,0,1,1,4,1,1,0,0,0
15.3100616,1,0,31,1,0,1,0,1,4,0,1,1,0,0
7.589322382,1,1,36,1,0,1,1,1,4,0,1,1,1,0
52.73100616,1,0,45,1,0,1,0,1,4,1,0,0,1,0
54.07802875,1,0,30,1,1,0,1,1,3,0,0,1,1,0
60.78028747,0,0,33,1,0,0,1,0,4,0,0,1,1,1
53.97946612,1,1,28,0,0,1,1,1,1,1,0,1,1,0
38.76796715,1,1,21,1,1,0,1,1,2,0,0,1,1,0
4.533880903,1,1,23,0,0,1,1,1,4,1,1,0,0,0
51.94250513,1,0,49,1,0,1,1,1,2,1,0,0,0,0
6.176591376,1,0,38,1,0,1,0,1,4,1,1,0,0,0
33.93839836,1,0,27,1,0,0,1,1,2,1,1,0,0,0
19.08829569,1,0,36,0,0,0,1,0,4,1,0,0,1,0
32.85420945,1,0,58,0,0,1,1,1,3,0,1,0,0,0
9.823408624,1,1,26,0,0,1,1,1,4,0,0,1,0,0
20.59958932,1,0,26,1,0,1,1,0,4,0,0,1,0,0
71.22792608,1,0,23,1,0,0,1,1,4,0,1,1,0,1
49.31416838,1,1,42,0,0,1,1,1,3,1,1,0,0,0
81.83983573,1,0,29,1,0,0,1,1,4,1,1,0,1,1
88.90349076,0,0,30,1,0,1,1,1,4,0,1,1,1,1
11.07186858,1,0,43,1,0,0,1,0,4,0,0,1,1,0
72.41067762,0,0,30,0,0,0,0,1,2,0,1,0,0,1
50.98973306,1,0,24,1,0,0,1,1,1,0,0,1,1,0
43.4661191,1,0,22,1,0,1,1,1,4,0,1,1,0,0
27.49897331,1,0,27,1,0,0,1,1,4,0,1,1,0,0
5.388090349,1,0,38,1,0,1,1,0,4,0,1,1,1,0
23.95071869,1,1,34,0,0,1,1,1,1,0,0,1,0,0
86.66940452,0,0,25,1,0,0,1,1,4,1,1,0,0,1
54.07802875,1,0,31,1,0,1,1,0,4,0,1,0,0,0
3.975359343,1,0,29,1,1,1,1,1,2,1,0,1,0,0
74.05338809,1,0,21,0,0,0,1,0,3,0,1,1,1,1
79.01437372,1,1,29,0,1,1,1,0,4,0,1,0,0,1
13.8973306,1,0,27,1,0,1,1,0,1,0,1,0,0,0
46.35728953,1,0,38,1,0,1,1,1,2,0,0,0,1,0
0.427104723,1,0,24,1,1,0,1,1,1,0,0,0,0,0
115.5482546,0,0,19,1,1,0,1,1,2,1,0,0,0,1
108.8788501,1,0,32,1,0,1,1,1,1,1,0,0,0,1
106.2176591,0,0,23,1,0,1,1,1,3,0,0,0,1,1
22.9650924,1,1,33,1,0,1,1,1,2,0,0,1,1,0
79.54004107,0,1,23,0,0,1,1,0,4,0,1,0,0,1
76.68172485,0,0,25,0,0,0,1,0,2,1,1,0,0,1
93.9301848,0,0,29,1,0,0,1,1,4,1,1,0,0,1
166.275154,1,1,26,0,0,1,1,0,4,0,0,1,1,1
34.56262834,1,1,31,0,0,1,1,0,1,0,0,1,0,0
8.31211499,1,0,29,0,0,0,1,1,1,0,0,0,0,0
64.75564682,0,0,35,1,0,0,1,1,2,1,1,0,0,1
25.52772074,1,0,27,0,0,1,0,1,2,0,0,0,1,0
60.25462012,1,0,22,1,0,0,1,0,2,1,1,0,0,1
7.12936345,1,0,21,1,0,1,1,1,3,1,1,0,0,0
22.73511294,1,0,34,1,0,1,1,0,3,0,0,0,0,0
133.9137577,1,1,19,0,0,0,1,0,2,0,0,1,1,1
112.788501,0,1,23,1,0,0,1,0,4,0,1,0,1,1
5.026694045,1,0,26,1,0,0,0,1,4,1,0,0,0,0
52.66529774,1,0,42,1,0,1,1,1,1,0,1,0,0,0
42.57905544,1,0,30,1,0,0,1,1,2,1,0,0,1,0
80.06570842,1,0,45,1,0,0,1,1,4,0,1,1,0,1
12.97741273,1,0,26,1,0,1,0,1,1,1,0,0,0,0
12.35318275,1,1,39,0,0,1,1,0,2,0,1,1,1,0
18.33264887,1,1,39,0,0,1,1,1,4,1,1,0,0,0
99.77823409,0,0,26,1,1,0,1,1,3,0,1,1,0,1
29.24024641,1,0,42,1,0,1,0,1,4,0,0,0,0,0
23.55646817,1,0,32,1,0,0,1,1,3,1,1,1,1,0
3.121149897,1,0,41,1,0,0,1,1,4,1,1,0,0,0
99.77823409,0,0,26,1,1,0,1,1,3,0,1,0,0,1
149.6180698,0,0,30,0,0,1,1,0,3,1,0,0,1,1
64.19712526,0,1,19,0,0,1,1,1,4,1,1,0,0,1
140.2217659,0,1,27,0,0,1,1,0,4,1,0,1,0,1
32.32854209,1,0,31,1,0,1,1,1,2,0,1,0,0,0
14.71868583,1,0,36,1,1,0,0,1,3,1,0,0,1,0
79.11293634,0,1,28,1,0,1,1,1,4,0,1,0,0,1
35.28542094,1,0,23,1,1,0,1,1,1,0,0,0,1,0
1.117043121,1,0,54,1,0,1,1,0,4,1,0,0,0,0
51.08829569,1,0,28,1,0,0,1,0,4,1,0,0,0,0
23.95071869,1,1,34,0,0,1,1,1,1,0,0,1,0,0
9.527720739,1,1,23,1,0,0,1,1,2,0,1,0,0,0
34.95687885,1,1,26,1,1,0,1,0,4,0,1,1,1,0
31.96714579,1,1,29,1,0,1,1,1,4,0,1,1,0,0
20.96098563,1,0,24,0,0,1,1,1,4,1,1,0,1,0
25.06776181,1,0,28,1,0,1,1,1,2,0,0,0,1,0
58.80903491,1,0,32,0,0,0,1,0,4,0,1,0,0,0
6.176591376,1,0,38,1,0,1,0,1,2,1,1,0,0,0
79.54004107,0,1,34,0,0,1,1,1,4,0,1,0,0,1
79.80287474,0,1,34,0,0,1,0,1,4,0,1,0,0,1
57.23203285,1,0,36,1,0,0,1,1,4,0,1,0,0,0
42.48049281,1,0,42,1,0,1,1,1,4,1,1,0,0,0
63.14579055,1,1,32,0,0,0,1,1,4,0,0,1,1,1
19.94250513,1,0,23,0,0,0,1,1,2,0,1,1,0,0
94.12731006,0,0,25,1,0,1,0,0,2,0,1,1,1,1
64.52566735,0,0,25,1,0,1,1,1,1,0,1,0,0,1
66.69404517,0,0,32,1,0,1,1,0,1,0,0,1,1,1
103.7207392,0,0,34,0,0,0,1,0,4,0,1,0,0,1
59.49897331,1,0,23,0,0,0,1,1,2,0,0,1,0,0
34.56262834,1,1,31,0,0,1,1,0,1,0,0,1,0,0
15.93429158,1,0,35,1,0,1,1,1,3,1,0,0,1,0
11.8275154,1,0,24,1,0,0,1,1,1,1,0,0,0,0
86.6036961,1,0,33,1,0,1,1,1,4,1,0,0,0,1
53.48665298,1,1,41,0,0,1,1,1,4,0,1,1,0,0
160.0657084,1,0,24,1,0,1,1,1,4,1,1,0,1,1
73.29774127,1,0,24,1,0,0,1,1,1,0,0,0,0,1
46.22587269,1,1,29,0,0,1,1,1,2,1,0,1,1,0
17.3798768,1,0,24,1,0,0,1,1,3,1,0,0,1,0
2.858316222,1,0,38,1,0,1,1,0,3,0,0,0,0,0
60.94455852,1,0,30.40033257,1,0,1,1,1,2,1,0,0,1,1
14.6201232,1,1,39,0,0,1,1,0,4,0,0,1,0,0
17.41273101,1,0,45,0,0,0,1,1,4,0,1,0,0,0
17.57700205,1,0,25,1,0,1,1,1,2,1,0,0,1,0
129.8069815,1,0,22,0,0,0,0,1,4,0,0,0,0,1
18.95687885,1,1,36,0,0,1,1,0,1,0,1,0,0,0
59.20328542,1,0,25,1,0,0,1,1,3,0,1,0,0,0
26.02053388,1,1,25,0,0,1,1,0,4,1,0,1,0,0
70.30800821,1,1,22,0,0,1,1,1,3,0,1,0,0,1
3.252566735,1,0,35,1,0,0,1,1,4,1,1,0,1,0
44.97741273,1,1,29,1,0,1,1,0,4,0,0,1,1,0
81.24845996,0,0,27,1,0,1,1,1,4,0,1,0,1,1
8.640657084,1,0,23,0,0,0,1,0,4,0,1,0,0,0
74.74332649,1,0,25,1,0,1,1,0,4,0,1,0,0,1
13.66735113,1,0,27,1,0,1,1,0,1,0,1,0,0,0
8.082135524,1,0,33,1,0,1,0,0,1,1,0,0,1,0
34.03696099,1,0,27,1,0,0,0,0,1,0,0,1,1,0
23.81930185,1,1,22,0,1,1,1,1,2,0,0,1,1,0
32.95277207,1,1,24,1,0,0,1,1,4,0,1,1,0,0
78.68583162,1,0,31,1,0,0,0,1,4,0,1,1,0,1
37.78234086,1,0,34,1,0,0,1,1,4,0,0,1,1,0
3.351129363,1,0,24,1,0,0,1,1,4,1,0,0,0,0
15.21149897,1,0,30,1,0,0,1,0,4,1,1,0,1,0
22.73511294,1,0,34,1,0,1,1,0,2,1,0,0,0,0
155.3675565,0,0,30,0,0,1,1,1,3,1,0,0,1,1
5.749486653,1,0,34,1,0,1,1,0,1,0,0,1,1,0
50.59548255,1,0,44,1,0,1,0,0,2,1,0,0,0,0
11.99178645,1,0,27,1,1,0,1,1,2,1,0,0,1,0
4.960985626,1,0,37,0,0,0,1,1,1,0,0,0,1,0
15.14579055,1,1,22,0,0,1,1,1,2,0,1,0,1,0
133.8809035,1,1,19,0,0,0,1,0,2,0,0,1,1,1
21.15811088,1,0,24,0,0,0,1,1,2,0,1,0,0,0
22.24229979,1,0,34,1,0,1,1,0,1,0,0,0,0,0
82.82546201,1,0,23,1,1,0,1,0,2,1,0,0,1,1
28.15605749,1,0,25,0,0,0,1,1,4,1,1,1,1,0
140.9445585,0,0,26,1,0,1,1,1,4,0,1,1,0,1
110.4887064,0,0,25,1,0,0,1,1,1,0,0,1,1,1
71.2936345,1,0,31,1,0,0,1,0,3,0,1,0,0,1
48.45995893,1,0,34,0,0,0,1,0,2,0,1,0,0,0
153.100616,0,1,43,0,0,1,1,0,2,0,0,1,0,1
54.04517454,1,0,30,1,1,0,1,1,3,0,0,1,1,0
26.18480493,1,1,21,0,0,1,1,1,4,1,0,0,0,0
96.59137577,0,0,46,0,0,1,1,1,4,1,0,1,0,1
66.7926078,0,1,31,0,0,1,1,1,4,1,0,0,0,1
123.3347023,1,0,22,0,0,1,1,1,4,0,1,1,0,1
20.56673511,1,1,33,0,0,1,1,0,2,0,0,1,1,0
42.38193018,1,0,26,0,0,1,1,1,1,1,0,0,0,0
59.86036961,1,0,27,1,0,1,1,1,2,1,0,0,0,0
3.121149897,1,0,41,1,0,0,1,1,4,0,1,0,0,0
128.0657084,0,0,43,1,0,1,1,1,4,1,0,0,0,1
8.640657084,1,0,25,0,0,0,0,1,2,0,1,1,0,0
22.37371663,1,0,31,0,0,1,1,1,3,0,1,0,0,0
10.7761807,1,0,31,1,0,1,1,1,1,0,0,1,1,0
24.08213552,1,0,42,1,0,1,1,1,3,0,0,0,0,0
24.18069815,1,0,23,1,0,0,1,1,2,0,1,0,0,0
4.435318275,1,0,30,0,1,1,1,1,3,0,0,1,1,0
32.45995893,1,0,32,1,0,1,1,1,4,0,1,1,1,0
7.589322382,1,1,47,0,0,1,0,1,4,0,0,1,0,0
4.008213552,1,0,22,1,0,1,1,1,4,1,0,1,1,0
3.416837782,1,0,39,1,0,1,0,1,1,0,0,0,1,0
20.04106776,1,0,22,1,0,0,1,1,3,0,0,1,1,0
16.22997947,1,1,35,1,0,1,1,0,2,0,0,0,0,0
14.98151951,1,0,33,1,0,1,1,0,4,0,1,1,0,0
6.143737166,1,0,31,1,0,1,0,0,3,0,1,1,1,0
5.256673511,1,1,34,0,0,1,1,0,4,1,1,0,0,0
83.58110883,0,1,33,0,0,1,1,0,2,1,0,1,1,1
13.8973306,1,0,38,0,0,0,1,1,4,1,0,0,0,0
63.11293634,1,1,32,0,0,0,1,1,4,0,0,1,1,1
138.9404517,0,0,30,0,0,1,1,1,3,1,0,0,1,1
45.37166324,1,0,29,1,0,1,1,1,1,1,1,1,0,0
12.97741273,1,0,29,1,0,0,1,1,4,0,1,1,1,0
81.18275154,1,0,31,1,0,0,1,1,2,0,1,1,0,1
7.326488706,1,0,23,0,1,0,1,1,2,0,0,0,0,0
64.29568789,1,1,44,0,0,1,1,1,4,0,1,1,0,1
150.1437372,1,0,33,1,0,0,1,0,3,0,0,1,0,1
78.91581109,1,1,21,0,0,0,0,1,4,1,0,1,0,1
110.0287474,0,0,25,1,0,1,1,0,2,0,1,1,1,1
72.67351129,0,0,35,1,0,1,1,0,4,0,1,1,0,1
73.3963039,0,0,43,1,0,1,1,1,1,1,0,0,1,1
13.8973306,1,0,23,1,0,0,1,1,4,1,1,0,0,0
9.593429158,1,0,34,0,0,0,1,1,1,1,0,0,1,0
109.2402464,0,0,22,1,0,0,1,1,3,0,1,0,0,1
133.4209446,1,0,29,0,0,1,1,0,3,1,0,1,1,1
44.78028747,1,0,36,1,0,1,1,1,1,0,0,0,1,0
23.2936345,1,0,32,1,0,0,1,0,2,1,1,0,0,0
18.49691992,1,0,46,1,0,1,1,0,4,0,0,0,0,0
15.34291581,1,0,30,1,0,1,1,1,3,0,0,0,1,0
39.22792608,1,0,37,1,0,0,1,0,4,1,0,0,1,0
41.29774127,1,0,22,1,0,1,1,1,3,0,1,1,0,0
12.02464066,1,1,30,0,0,1,0,0,3,0,0,1,0,0
48.09856263,1,0,25,0,1,0,1,1,2,0,0,1,1,0
5.32238193,1,0,25,1,0,0,0,1,3,0,1,1,0,0
4.336755647,1,0,26,1,0,0,1,0,4,0,0,1,0,0
24.41067762,1,0,27,1,0,0,1,1,4,1,0,0,1,0
26.94045175,1,0,24,1,0,0,1,1,3,0,0,0,0,0
7.589322382,1,0,22,1,1,0,0,0,2,0,1,0,0,0
94.81724846,0,0,30.40033257,1,0,0,0,1,2,0,0,1,1,1
17.60985626,1,0,41,1,0,1,1,1,1,0,0,1,1,0
9.790554415,1,0,41,1,0,1,1,1,4,1,1,0,0,0
39.22792608,1,0,37,1,0,0,1,0,2,1,0,1,1,0
6.275154004,1,0,30.40033257,0,1,0,1,1,1,1,0,0,1,0
42.94045175,1,1,23,1,0,0,1,1,4,1,0,0,0,0
43.8275154,1,0,27,1,0,0,1,1,3,1,0,0,1,0
22.63655031,1,0,36,0,0,0,1,1,1,0,0,1,1,0
45.30595483,1,0,34,1,0,0,1,1,2,0,1,0,0,0
33.3798768,1,0,38,1,0,1,1,1,1,0,0,1,0,0
96,1,0,22,0,0,1,1,1,2,0,1,1,0,1
55.78644764,1,0,27,0,1,1,1,1,4,1,1,0,1,0
28.35318275,1,1,26,0,0,0,1,1,1,0,0,1,1,0
2.759753593,1,0,41,1,0,1,1,1,4,1,0,0,1,0
44.02464066,1,1,26,0,0,1,1,1,4,0,1,1,0,0
28.84599589,1,1,31,0,0,1,0,1,2,1,1,0,1,0
105.9219713,0,0,28,1,0,1,1,1,3,0,1,1,0,1
1.478439425,1,1,28,0,0,1,1,1,2,0,1,1,0,0
13.01026694,1,1,34,1,0,1,0,1,4,0,1,1,0,0
3.58110883,1,0,40,1,0,0,1,1,2,1,0,0,1,0
52.96098563,1,0,36,1,0,1,1,0,4,0,1,0,0,0
94.9486653,1,1,26,0,0,1,1,1,4,1,1,1,0,1
20.92813142,1,0,23,0,1,1,1,1,4,1,1,0,0,0
13.01026694,1,0,25,1,0,1,1,1,1,1,0,0,1,0
129.2813142,0,1,33,0,0,1,1,1,3,1,0,0,1,1
8.87063655,1,0,38,1,1,0,0,1,4,0,0,0,1,0
40.57494867,1,1,29,0,0,0,1,1,2,0,1,0,0,0
11.69609856,1,0,25,1,0,0,0,0,4,0,1,1,0,0
80.98562628,1,0,32,1,0,1,1,1,4,1,1,0,0,1
49.31416838,1,1,42,0,0,1,1,1,3,1,1,0,0,0
6.669404517,1,1,27,0,0,0,1,1,2,0,1,0,0,0
13.14168378,1,1,42,0,0,0,0,1,4,1,0,1,0,0
104.0164271,0,0,37,1,0,1,1,1,3,0,1,1,0,1
7.030800821,1,1,35,1,0,0,1,1,2,0,0,1,1,0
66.49691992,1,0,38,1,0,1,1,1,2,0,0,0,1,1
29.01026694,1,0,28,0,0,1,1,1,1,0,0,0,0,0
86.66940452,0,0,25,1,0,0,1,1,3,0,1,0,0,1
11.95893224,1,0,35,1,0,0,1,1,2,0,1,0,1,0
13.40451745,1,0,30.40033257,1,0,0,1,1,2,1,0,1,0,0
66.69404517,0,0,32,1,0,1,1,0,1,0,0,1,1,1
90.15195072,0,0,20,1,0,0,1,1,1,1,0,0,1,1
16.42710472,1,0,26,0,0,1,1,1,2,0,0,1,1,0
26.94045175,1,0,44,1,0,1,1,0,4,1,0,1,1,0
90.90759754,0,1,32,0,1,1,1,0,2,0,0,0,0,1
84.04106776,0,1,28,1,0,1,1,1,4,0,1,0,0,1
27.36755647,1,1,30,0,0,1,1,0,2,0,0,1,1,0
13.33880903,1,0,33,1,1,1,1,0,1,0,0,0,1,0
8.969199179,1,0,26,1,1,1,1,0,3,1,1,0,1,0
64.75564682,0,0,35,1,0,0,1,1,1,1,0,0,0,1
23.6550308,1,0,37,1,0,1,1,1,2,0,0,1,1,0
49.14989733,1,0,28,1,0,1,1,1,1,1,0,0,1,0
17.01848049,1,0,40,0,0,0,1,0,3,0,0,1,1,0
8.772073922,1,0,27,1,0,0,1,0,2,0,1,1,0,0
45.96303901,1,0,36,0,0,1,1,1,3,0,1,0,0,0
17.18275154,1,0,24,1,0,0,1,1,2,0,1,0,1,0
2.036960986,1,0,48,1,0,0,1,1,2,0,0,1,1,0
38.86652977,1,0,32,1,0,1,1,0,3,0,1,0,1,0
8.180698152,1,0,24,1,0,1,1,1,2,0,0,0,0,0
25.42915811,1,0,22,1,1,1,1,1,2,0,0,1,1,0
95.96714579,0,0,33,0,0,1,1,1,4,0,1,1,1,1
8.180698152,1,0,24,1,0,0,1,1,2,0,1,1,0,0
23.6550308,1,1,26,0,0,1,1,1,4,0,1,0,0,0
10.94045175,1,1,33,0,1,1,1,0,4,1,0,1,1,0
26.54620123,1,0,27,0,0,1,1,1,1,1,0,0,1,0
70.17659138,0,0,31,1,0,0,1,1,4,0,1,0,0,1
105.8234086,0,0,32,1,0,0,1,1,4,1,0,0,0,1
78.32443532,0,0,27,0,0,1,1,1,2,0,0,0,1,1
35.77823409,1,0,22,0,0,1,0,1,2,0,0,0,1,0
28.58316222,1,0,21,1,1,0,1,1,2,1,0,0,0,0
15.93429158,1,0,35,1,0,1,1,1,2,1,0,0,1,0
73.42915811,0,0,29,0,0,1,1,1,4,0,1,1,0,1
18.95687885,1,1,36,0,0,1,1,0,2,0,1,1,0,0
32.45995893,1,1,40,1,1,1,1,0,3,0,0,1,1,0
12.78028747,1,0,35,0,0,0,1,1,3,0,0,0,1,0
26.15195072,1,1,31,0,0,1,1,1,3,0,1,1,0,0
2.431211499,1,0,28,1,0,0,1,1,2,0,0,1,1,0
37.12525667,1,0,38,1,0,1,1,0,4,0,1,0,0,0
133.9137577,1,1,19,0,0,0,1,0,4,1,0,1,0,1
42.25051335,1,0,18,1,0,0,1,1,2,1,0,0,0,0
80.16427105,1,0,26,0,0,0,1,1,4,0,1,0,0,1
17.57700205,1,0,25,1,0,1,1,1,2,1,0,0,1,0
142.75154,0,1,27,0,0,1,1,0,4,1,0,1,0,1
86.04517454,0,0,35,1,0,0,1,0,4,1,1,0,0,1
86.83367556,1,1,24,0,0,1,1,1,4,1,1,0,0,1
8.936344969,1,0,24,0,1,0,1,1,2,1,0,1,1,0
3.58110883,1,0,34,0,0,0,1,1,4,1,0,0,0,0
2.201232033,1,1,23,0,0,1,1,1,2,0,1,1,1,0
2.792607803,1,0,23,1,0,0,1,1,2,0,0,0,1,0
3.482546201,1,0,37,1,1,0,1,1,2,1,0,1,0,0
2.98973306,1,1,45,0,0,1,1,1,4,1,1,1,0,0
113.8398357,0,0,21,1,0,0,1,1,4,0,1,1,0,1
11.69609856,1,0,25,1,0,0,0,0,4,0,0,1,0,0
21.61806982,1,1,37,0,0,1,0,1,4,0,0,1,1,0
26.87474333,1,0,26,1,0,0,1,1,1,0,0,0,0,0
39.06365503,1,0,31,1,0,0,1,1,2,0,0,0,0,0
65.3798768,0,1,32,1,0,0,1,0,3,0,0,1,1,1
13.86447639,1,0,22,1,0,1,1,1,2,0,1,1,0,0
8.410677618,1,1,32,0,1,0,1,1,4,0,1,1,0,0
90.51334702,1,0,22,1,0,0,1,1,4,0,1,1,0,1
45.53593429,1,1,39,0,0,1,1,1,4,1,0,1,1,0
61.2073922,0,0,25,1,0,0,1,1,2,1,0,1,1,1
2.792607803,1,1,39,0,0,0,1,1,1,0,0,1,1,0
53.19096509,1,0,37,1,0,1,1,1,2,0,0,1,1,0
9.199178645,1,1,44,0,0,1,1,1,2,1,1,1,0,0
52.50102669,1,1,35,0,0,1,1,0,3,0,0,1,1,0
26.4476386,1,0,27,0,1,1,1,1,3,1,0,0,1,0
17.60985626,1,0,41,1,0,1,1,1,2,1,0,0,1,0
36.92813142,1,0,49,0,0,0,1,1,4,1,0,0,1,0
59.89322382,1,0,27,1,0,1,1,0,2,1,0,0,0,0
17.93839836,1,1,24,1,0,0,0,1,4,1,1,0,1,0
35.28542094,1,0,23,1,1,0,1,1,1,0,0,1,1,0
12.38603696,1,0,36,0,0,1,1,0,1,1,0,0,1,0
